{"stats":{"minecraft:picked_up":{"minecraft:wooden_axe":2,"minecraft:crafting_table":7,"minecraft:ominous_bottle":1,"minecraft:flower_pot":1,"minecraft:wooden_pickaxe":1,"minecraft:enchanted_book":1,"minecraft:brick":87,"minecraft:wind_charge":20,"minecraft:cobbled_deepslate":115,"minecraft:trial_key":4,"minecraft:poppy":1,"minecraft:light_gray_wool":1,"minecraft:guster_pottery_sherd":2,"minecraft:melon_slice":52,"minecraft:tipped_arrow":5,"minecraft:raw_iron":57,"minecraft:stick":44,"minecraft:oak_door":1,"minecraft:torch":3,"minecraft:acacia_log":10,"minecraft:flow_pottery_sherd":3,"minecraft:diorite":1,"minecraft:golden_chestplate":1,"minecraft:stone_sword":2,"minecraft:arrow":37,"minecraft:honey_bottle":2,"minecraft:rotten_flesh":16,"minecraft:decorated_pot":29,"minecraft:iron_block":1,"minecraft:tuff_bricks":5,"minecraft:mutton":12,"minecraft:white_wool":7,"minecraft:cobblestone":73,"minecraft:andesite":1,"minecraft:tuff":23,"minecraft:oak_log":6,"minecraft:waxed_copper_block":1,"minecraft:bone":11,"minecraft:acacia_planks":36,"minecraft:bow":1,"minecraft:raw_gold":20,"minecraft:iron_ingot":67,"minecraft:oak_planks":4,"minecraft:acacia_sapling":2,"minecraft:blast_furnace":3,"minecraft:white_bed":2,"minecraft:diamond":69,"minecraft:stone_axe":1,"minecraft:granite":2,"minecraft:breeze_rod":4,"minecraft:emerald":33,"minecraft:coal":39},"minecraft:used":{"minecraft:tuff_bricks":5,"minecraft:stone_sword":12,"minecraft:decorated_pot":8,"minecraft:shield":54,"minecraft:iron_sword":114,"minecraft:rotten_flesh":1,"minecraft:trial_key":1,"minecraft:oak_door":1,"minecraft:acacia_sapling":1,"minecraft:tuff":23,"minecraft:wooden_axe":10,"minecraft:iron_axe":19,"minecraft:cobbled_deepslate":115,"minecraft:acacia_planks":4,"minecraft:diorite":1,"minecraft:stone_pickaxe":114,"minecraft:oak_planks":9,"minecraft:wooden_pickaxe":2,"minecraft:waxed_copper_block":1,"minecraft:white_wool":2,"minecraft:crafting_table":10,"minecraft:blast_furnace":1,"minecraft:crossbow":3,"minecraft:white_bed":2,"minecraft:flower_pot":1,"minecraft:diamond_pickaxe":10,"minecraft:ominous_trial_key":1,"minecraft:melon_slice":33,"minecraft:bread":7,"minecraft:iron_pickaxe":250,"minecraft:stone_axe":17,"minecraft:cobblestone":45,"minecraft:potion":1},"minecraft:killed":{"minecraft:skeleton":14,"minecraft:iron_golem":1,"minecraft:sheep":6,"minecraft:zombie":12,"minecraft:breeze":3},"minecraft:broken":{"minecraft:shield":1,"minecraft:iron_pickaxe":1},"minecraft:crafted":{"minecraft:oak_door":3,"minecraft:oak_planks":268,"minecraft:diamond_helmet":1,"minecraft:iron_boots":1,"minecraft:diamond_leggings":1,"minecraft:iron_axe":1,"minecraft:stone_pickaxe":2,"minecraft:diamond_boots":1,"minecraft:crafting_table":4,"minecraft:iron_helmet":1,"minecraft:iron_sword":1,"minecraft:stone_axe":1,"minecraft:air":0,"minecraft:iron_chestplate":1,"minecraft:diamond_pickaxe":1,"minecraft:shield":2,"minecraft:stick":20,"minecraft:iron_ingot":40,"minecraft:iron_pickaxe":1,"minecraft:iron_leggings":1,"minecraft:white_bed":1,"minecraft:acacia_planks":40,"minecraft:diamond_chestplate":1},"minecraft:dropped":{"minecraft:glass_bottle":1,"minecraft:decorated_pot":21,"minecraft:iron_helmet":1,"minecraft:wooden_axe":2,"minecraft:iron_leggings":1,"minecraft:oak_door":3,"minecraft:stone_axe":1,"minecraft:flow_pottery_sherd":3,"minecraft:golden_chestplate":1,"minecraft:stone_sword":1,"minecraft:rotten_flesh":15,"minecraft:light_gray_wool":1,"minecraft:iron_boots":1,"minecraft:poppy":1,"minecraft:trial_key":1,"minecraft:iron_chestplate":1,"minecraft:andesite":1,"minecraft:acacia_sapling":1,"minecraft:bow":1,"minecraft:stone_pickaxe":1,"minecraft:wooden_pickaxe":1,"minecraft:brick":87,"minecraft:guster_pottery_sherd":1},"minecraft:custom":{"minecraft:mob_kills":37,"minecraft:interact_with_crafting_table":20,"minecraft:open_barrel":11,"minecraft:leave_game":4,"minecraft:time_since_death":80886,"minecraft:climb_one_cm":1530,"minecraft:sprint_one_cm":290625,"minecraft:walk_one_cm":165142,"minecraft:damage_blocked_by_shield":3000,"minecraft:drop":31,"minecraft:play_time":87362,"minecraft:sneak_time":3198,"minecraft:deaths":1,"minecraft:walk_under_water_one_cm":6224,"minecraft:jump":1719,"minecraft:interact_with_blast_furnace":9,"minecraft:walk_on_water_one_cm":16108,"minecraft:total_world_time":87362,"minecraft:interact_with_furnace":1,"minecraft:sleep_in_bed":1,"minecraft:time_since_rest":79408,"minecraft:damage_taken":2945,"minecraft:damage_dealt":6992,"minecraft:swim_one_cm":7265,"minecraft:fly_one_cm":429127,"minecraft:open_chest":11,"minecraft:crouch_one_cm":6823,"minecraft:fall_one_cm":71968,"minecraft:inspect_dispenser":1},"minecraft:mined":{"minecraft:tuff":23,"minecraft:white_bed":2,"minecraft:deepslate_diamond_ore":69,"minecraft:oak_door":1,"minecraft:glow_lichen":2,"minecraft:granite":2,"minecraft:acacia_log":10,"minecraft:decorated_pot":44,"minecraft:tuff_bricks":5,"minecraft:iron_ore":40,"minecraft:cobbled_deepslate":1,"minecraft:andesite":1,"minecraft:deepslate_iron_ore":15,"minecraft:stone":33,"minecraft:crafting_table":6,"minecraft:torch":4,"minecraft:short_grass":3,"minecraft:blast_furnace":2,"minecraft:melon":2,"minecraft:deepslate_gold_ore":19,"minecraft:oak_planks":5,"minecraft:diorite":1,"minecraft:waxed_copper_block":1,"minecraft:oak_log":3,"minecraft:coal_ore":39,"minecraft:flower_pot":1,"minecraft:gold_ore":1,"minecraft:deepslate":121},"minecraft:killed_by":{"minecraft:skeleton":1}},"DataVersion":3953}