{"stats":{"minecraft:picked_up":{"minecraft:wooden_axe":2,"minecraft:crafting_table":7,"minecraft:ominous_bottle":1,"minecraft:flower_pot":1,"minecraft:wooden_pickaxe":1,"minecraft:enchanted_book":2,"minecraft:shield":1,"minecraft:brick":87,"minecraft:wind_charge":22,"minecraft:cobbled_deepslate":115,"minecraft:trial_key":8,"minecraft:poppy":1,"minecraft:light_gray_wool":1,"minecraft:guster_pottery_sherd":2,"minecraft:melon_slice":52,"minecraft:tipped_arrow":12,"minecraft:raw_iron":57,"minecraft:stick":44,"minecraft:oak_door":1,"minecraft:torch":3,"minecraft:acacia_log":10,"minecraft:flow_pottery_sherd":3,"minecraft:diorite":1,"minecraft:golden_chestplate":1,"minecraft:stone_sword":2,"minecraft:arrow":46,"minecraft:honey_bottle":2,"minecraft:rotten_flesh":16,"minecraft:decorated_pot":29,"minecraft:iron_block":1,"minecraft:tuff_bricks":5,"minecraft:mutton":12,"minecraft:white_wool":7,"minecraft:cobblestone":73,"minecraft:andesite":1,"minecraft:tuff":23,"minecraft:oak_log":6,"minecraft:waxed_copper_block":1,"minecraft:bone":27,"minecraft:acacia_planks":36,"minecraft:bow":1,"minecraft:raw_gold":20,"minecraft:iron_ingot":67,"minecraft:oak_planks":7,"minecraft:acacia_sapling":2,"minecraft:blast_furnace":3,"minecraft:white_bed":2,"minecraft:diamond":69,"minecraft:stone_axe":1,"minecraft:waxed_oxidized_copper_grate":1,"minecraft:granite":2,"minecraft:breeze_rod":4,"minecraft:golden_apple":1,"minecraft:emerald":39,"minecraft:baked_potato":3,"minecraft:coal":39},"minecraft:used":{"minecraft:tuff_bricks":5,"minecraft:stone_sword":12,"minecraft:decorated_pot":8,"minecraft:shield":62,"minecraft:iron_sword":114,"minecraft:rotten_flesh":1,"minecraft:trial_key":3,"minecraft:oak_door":1,"minecraft:acacia_sapling":1,"minecraft:tuff":23,"minecraft:wooden_axe":10,"minecraft:iron_axe":23,"minecraft:cobbled_deepslate":115,"minecraft:acacia_planks":4,"minecraft:diorite":1,"minecraft:stone_pickaxe":114,"minecraft:oak_planks":62,"minecraft:wooden_pickaxe":2,"minecraft:waxed_copper_block":1,"minecraft:white_wool":2,"minecraft:crafting_table":12,"minecraft:blast_furnace":1,"minecraft:crossbow":3,"minecraft:white_bed":2,"minecraft:flower_pot":1,"minecraft:diamond_pickaxe":12,"minecraft:ominous_trial_key":1,"minecraft:melon_slice":33,"minecraft:bread":17,"minecraft:iron_pickaxe":250,"minecraft:stone_axe":17,"minecraft:diamond_sword":39,"minecraft:cobblestone":46,"minecraft:potion":1},"minecraft:killed":{"minecraft:skeleton":27,"minecraft:iron_golem":1,"minecraft:sheep":6,"minecraft:zombie":12,"minecraft:breeze":3},"minecraft:broken":{"minecraft:shield":1,"minecraft:iron_pickaxe":1},"minecraft:crafted":{"minecraft:oak_door":3,"minecraft:oak_planks":268,"minecraft:diamond_helmet":1,"minecraft:iron_boots":1,"minecraft:diamond_leggings":1,"minecraft:iron_axe":1,"minecraft:stone_pickaxe":2,"minecraft:diamond_boots":1,"minecraft:diamond_sword":1,"minecraft:crafting_table":6,"minecraft:iron_helmet":1,"minecraft:iron_sword":1,"minecraft:stone_axe":1,"minecraft:air":0,"minecraft:iron_chestplate":1,"minecraft:diamond_pickaxe":1,"minecraft:shield":2,"minecraft:stick":40,"minecraft:iron_ingot":40,"minecraft:iron_pickaxe":1,"minecraft:iron_leggings":1,"minecraft:white_bed":1,"minecraft:acacia_planks":40,"minecraft:diamond_chestplate":1},"minecraft:dropped":{"minecraft:bread":14,"minecraft:iron_ingot":39,"minecraft:iron_sword":1,"minecraft:glass_bottle":1,"minecraft:decorated_pot":21,"minecraft:iron_helmet":1,"minecraft:stick":31,"minecraft:wooden_axe":2,"minecraft:iron_leggings":1,"minecraft:oak_door":3,"minecraft:stone_axe":1,"minecraft:flow_pottery_sherd":3,"minecraft:golden_chestplate":1,"minecraft:stone_sword":1,"minecraft:rotten_flesh":15,"minecraft:light_gray_wool":1,"minecraft:oak_planks":12,"minecraft:iron_boots":1,"minecraft:poppy":1,"minecraft:shield":1,"minecraft:trial_key":4,"minecraft:iron_chestplate":1,"minecraft:andesite":1,"minecraft:acacia_sapling":1,"minecraft:bow":1,"minecraft:stone_pickaxe":1,"minecraft:wooden_pickaxe":1,"minecraft:waxed_oxidized_copper_grate":1,"minecraft:brick":87,"minecraft:guster_pottery_sherd":1},"minecraft:custom":{"minecraft:mob_kills":52,"minecraft:interact_with_crafting_table":23,"minecraft:open_barrel":12,"minecraft:leave_game":4,"minecraft:time_since_death":92886,"minecraft:climb_one_cm":3480,"minecraft:sprint_one_cm":339887,"minecraft:walk_one_cm":196744,"minecraft:damage_blocked_by_shield":3540,"minecraft:drop":54,"minecraft:play_time":99362,"minecraft:sneak_time":4239,"minecraft:deaths":1,"minecraft:walk_under_water_one_cm":6224,"minecraft:jump":1898,"minecraft:interact_with_blast_furnace":9,"minecraft:walk_on_water_one_cm":17917,"minecraft:total_world_time":99362,"minecraft:interact_with_furnace":1,"minecraft:sleep_in_bed":1,"minecraft:time_since_rest":91408,"minecraft:damage_taken":3499,"minecraft:damage_dealt":9799,"minecraft:swim_one_cm":7265,"minecraft:fly_one_cm":453791,"minecraft:open_chest":15,"minecraft:crouch_one_cm":7339,"minecraft:fall_one_cm":76032,"minecraft:inspect_dispenser":4},"minecraft:mined":{"minecraft:tuff":23,"minecraft:white_bed":2,"minecraft:deepslate_diamond_ore":69,"minecraft:oak_door":1,"minecraft:glow_lichen":2,"minecraft:granite":2,"minecraft:acacia_log":10,"minecraft:decorated_pot":44,"minecraft:tuff_bricks":5,"minecraft:iron_ore":40,"minecraft:cobbled_deepslate":1,"minecraft:andesite":1,"minecraft:deepslate_iron_ore":15,"minecraft:stone":33,"minecraft:crafting_table":6,"minecraft:torch":4,"minecraft:short_grass":3,"minecraft:blast_furnace":2,"minecraft:melon":2,"minecraft:deepslate_gold_ore":19,"minecraft:oak_planks":8,"minecraft:diorite":1,"minecraft:waxed_oxidized_copper_grate":2,"minecraft:waxed_copper_block":1,"minecraft:oak_log":3,"minecraft:coal_ore":39,"minecraft:flower_pot":1,"minecraft:gold_ore":1,"minecraft:deepslate":121},"minecraft:killed_by":{"minecraft:skeleton":1}},"DataVersion":3953}