{"stats":{"minecraft:picked_up":{"minecraft:wooden_axe":2,"minecraft:iron_chestplate":4,"minecraft:crafting_table":7,"minecraft:ominous_bottle":1,"minecraft:flower_pot":1,"minecraft:wooden_pickaxe":1,"minecraft:potion":2,"minecraft:enchanted_book":4,"minecraft:music_disc_creator":2,"minecraft:shield":3,"minecraft:brick":87,"minecraft:wind_charge":46,"minecraft:string":29,"minecraft:iron_leggings":1,"minecraft:cobbled_deepslate":174,"minecraft:trial_key":17,"minecraft:enchanted_golden_apple":2,"minecraft:poppy":1,"minecraft:light_gray_wool":1,"minecraft:guster_pottery_sherd":2,"minecraft:melon_slice":52,"minecraft:tipped_arrow":36,"minecraft:raw_iron":57,"minecraft:stick":44,"minecraft:oak_door":1,"minecraft:torch":3,"minecraft:acacia_log":10,"minecraft:porkchop":2,"minecraft:flow_pottery_sherd":3,"minecraft:diorite":11,"minecraft:redstone":8,"minecraft:golden_chestplate":1,"minecraft:stone_sword":3,"minecraft:arrow":80,"minecraft:honey_bottle":2,"minecraft:rotten_flesh":61,"minecraft:decorated_pot":30,"minecraft:iron_block":1,"minecraft:tuff_bricks":9,"minecraft:obsidian":14,"minecraft:mutton":12,"minecraft:white_wool":7,"minecraft:cobblestone":73,"minecraft:cooked_beef":5,"minecraft:golden_carrot":6,"minecraft:andesite":1,"minecraft:tuff":23,"minecraft:oak_log":6,"minecraft:waxed_copper_block":2,"minecraft:lapis_lazuli":29,"minecraft:bone":72,"minecraft:acacia_planks":36,"minecraft:bow":2,"minecraft:raw_gold":26,"minecraft:iron_ingot":69,"minecraft:cooked_chicken":4,"minecraft:glass_bottle":1,"minecraft:oak_planks":27,"minecraft:acacia_sapling":2,"minecraft:blast_furnace":4,"minecraft:white_bed":6,"minecraft:spider_eye":3,"minecraft:diamond":80,"minecraft:stone_axe":1,"minecraft:waxed_oxidized_copper_grate":1,"minecraft:crossbow":3,"minecraft:granite":2,"minecraft:breeze_rod":22,"minecraft:golden_apple":2,"minecraft:bread":8,"minecraft:emerald":62,"minecraft:music_disc_precipice":1,"minecraft:baked_potato":10,"minecraft:ominous_trial_key":4,"minecraft:coal":39},"minecraft:used":{"minecraft:tuff_bricks":5,"minecraft:stone_sword":12,"minecraft:decorated_pot":9,"minecraft:shield":143,"minecraft:iron_sword":114,"minecraft:cooked_chicken":4,"minecraft:rotten_flesh":1,"minecraft:trial_key":10,"minecraft:oak_door":1,"minecraft:mutton":9,"minecraft:acacia_sapling":1,"minecraft:tuff":23,"minecraft:granite":2,"minecraft:obsidian":14,"minecraft:wooden_axe":10,"minecraft:iron_axe":49,"minecraft:golden_carrot":2,"minecraft:ominous_bottle":1,"minecraft:cobbled_deepslate":174,"minecraft:acacia_planks":25,"minecraft:enchanted_golden_apple":1,"minecraft:water_bucket":6,"minecraft:diorite":11,"minecraft:stone_pickaxe":114,"minecraft:baked_potato":1,"minecraft:oak_planks":259,"minecraft:wooden_pickaxe":2,"minecraft:waxed_copper_block":2,"minecraft:golden_apple":1,"minecraft:white_wool":2,"minecraft:crafting_table":14,"minecraft:blast_furnace":3,"minecraft:crossbow":13,"minecraft:white_bed":5,"minecraft:flower_pot":1,"minecraft:diamond_pickaxe":170,"minecraft:ominous_trial_key":4,"minecraft:melon_slice":33,"minecraft:bread":55,"minecraft:iron_pickaxe":250,"minecraft:stone_axe":17,"minecraft:diamond_sword":385,"minecraft:cobblestone":46,"minecraft:potion":3,"minecraft:bucket":7},"minecraft:killed":{"minecraft:cave_spider":18,"minecraft:skeleton":57,"minecraft:pig":1,"minecraft:iron_golem":1,"minecraft:sheep":7,"minecraft:zombie":59,"minecraft:breeze":14,"minecraft:cow":1},"minecraft:broken":{"minecraft:shield":2,"minecraft:iron_pickaxe":1},"minecraft:crafted":{"minecraft:oak_door":3,"minecraft:oak_planks":268,"minecraft:diamond_helmet":1,"minecraft:iron_boots":1,"minecraft:diamond_leggings":1,"minecraft:iron_axe":1,"minecraft:stone_pickaxe":2,"minecraft:diamond_boots":1,"minecraft:diamond_sword":1,"minecraft:crafting_table":8,"minecraft:iron_helmet":1,"minecraft:iron_sword":1,"minecraft:stone_axe":1,"minecraft:air":0,"minecraft:iron_chestplate":1,"minecraft:diamond_pickaxe":1,"minecraft:shield":3,"minecraft:stick":40,"minecraft:iron_ingot":66,"minecraft:iron_pickaxe":1,"minecraft:iron_leggings":1,"minecraft:white_bed":1,"minecraft:acacia_planks":40,"minecraft:diamond_chestplate":1},"minecraft:dropped":{"minecraft:bread":18,"minecraft:iron_ingot":39,"minecraft:iron_sword":1,"minecraft:baked_potato":9,"minecraft:glass_bottle":4,"minecraft:decorated_pot":21,"minecraft:crossbow":3,"minecraft:iron_helmet":1,"minecraft:ominous_trial_key":1,"minecraft:stick":31,"minecraft:golden_carrot":2,"minecraft:torch":3,"minecraft:wooden_axe":2,"minecraft:music_disc_precipice":1,"minecraft:iron_leggings":2,"minecraft:string":29,"minecraft:redstone":8,"minecraft:bone":72,"minecraft:oak_door":3,"minecraft:stone_axe":1,"minecraft:tuff_bricks":4,"minecraft:flow_pottery_sherd":3,"minecraft:golden_chestplate":1,"minecraft:stone_sword":2,"minecraft:rotten_flesh":60,"minecraft:light_gray_wool":1,"minecraft:oak_planks":73,"minecraft:iron_boots":1,"minecraft:white_bed":1,"minecraft:music_disc_creator":2,"minecraft:poppy":1,"minecraft:shield":3,"minecraft:trial_key":7,"minecraft:iron_chestplate":5,"minecraft:andesite":1,"minecraft:acacia_sapling":1,"minecraft:spider_eye":3,"minecraft:bow":2,"minecraft:stone_pickaxe":1,"minecraft:wooden_pickaxe":1,"minecraft:waxed_oxidized_copper_grate":1,"minecraft:brick":87,"minecraft:guster_pottery_sherd":1},"minecraft:custom":{"minecraft:mob_kills":164,"minecraft:interact_with_crafting_table":25,"minecraft:open_barrel":12,"minecraft:leave_game":4,"minecraft:time_since_death":176886,"minecraft:damage_resisted":45,"minecraft:climb_one_cm":5799,"minecraft:sprint_one_cm":641816,"minecraft:walk_one_cm":411171,"minecraft:damage_blocked_by_shield":8650,"minecraft:drop":107,"minecraft:play_time":183362,"minecraft:sneak_time":6030,"minecraft:deaths":1,"minecraft:walk_under_water_one_cm":8376,"minecraft:jump":3095,"minecraft:interact_with_blast_furnace":17,"minecraft:walk_on_water_one_cm":23928,"minecraft:total_world_time":183362,"minecraft:interact_with_furnace":1,"minecraft:sleep_in_bed":4,"minecraft:time_since_rest":5329,"minecraft:damage_absorbed":196,"minecraft:damage_taken":6748,"minecraft:damage_dealt":28649,"minecraft:swim_one_cm":10555,"minecraft:fly_one_cm":643419,"minecraft:open_chest":23,"minecraft:crouch_one_cm":10785,"minecraft:interact_with_smoker":1,"minecraft:fall_one_cm":121496,"minecraft:inspect_dispenser":6},"minecraft:mined":{"minecraft:tuff":25,"minecraft:white_bed":4,"minecraft:deepslate_diamond_ore":78,"minecraft:oak_door":1,"minecraft:obsidian":14,"minecraft:glow_lichen":2,"minecraft:granite":18,"minecraft:acacia_log":10,"minecraft:decorated_pot":45,"minecraft:tuff_bricks":10,"minecraft:iron_ore":40,"minecraft:cobbled_deepslate":1,"minecraft:andesite":1,"minecraft:deepslate_lapis_ore":5,"minecraft:deepslate_iron_ore":15,"minecraft:stone":50,"minecraft:crafting_table":6,"minecraft:torch":4,"minecraft:short_grass":5,"minecraft:blast_furnace":3,"minecraft:melon":2,"minecraft:copper_ore":2,"minecraft:deepslate_gold_ore":25,"minecraft:oak_planks":31,"minecraft:diorite":11,"minecraft:waxed_oxidized_copper_grate":3,"minecraft:waxed_copper_block":4,"minecraft:oak_log":3,"minecraft:coal_ore":39,"minecraft:flower_pot":1,"minecraft:cobweb":1,"minecraft:gold_ore":1,"minecraft:deepslate":178},"minecraft:killed_by":{"minecraft:skeleton":1}},"DataVersion":3953}