{"stats":{"minecraft:picked_up":{"minecraft:wooden_axe":2,"minecraft:crafting_table":6,"minecraft:andesite":1,"minecraft:wooden_pickaxe":1,"minecraft:tuff":4,"minecraft:oak_log":6,"minecraft:acacia_planks":36,"minecraft:cobbled_deepslate":92,"minecraft:raw_gold":20,"minecraft:iron_ingot":5,"minecraft:poppy":1,"minecraft:light_gray_wool":1,"minecraft:melon_slice":52,"minecraft:acacia_sapling":2,"minecraft:stick":44,"minecraft:raw_iron":57,"minecraft:oak_door":1,"minecraft:torch":3,"minecraft:acacia_log":10,"minecraft:blast_furnace":3,"minecraft:diorite":1,"minecraft:white_bed":2,"minecraft:stone_sword":2,"minecraft:diamond":67,"minecraft:stone_axe":1,"minecraft:granite":2,"minecraft:mutton":12,"minecraft:coal":39,"minecraft:white_wool":7,"minecraft:cobblestone":73},"minecraft:used":{"minecraft:diorite":1,"minecraft:stone_sword":12,"minecraft:stone_pickaxe":114,"minecraft:wooden_pickaxe":2,"minecraft:oak_door":1,"minecraft:white_wool":2,"minecraft:crafting_table":6,"minecraft:blast_furnace":1,"minecraft:acacia_sapling":1,"minecraft:white_bed":2,"minecraft:tuff":4,"minecraft:wooden_axe":10,"minecraft:iron_axe":3,"minecraft:melon_slice":15,"minecraft:iron_pickaxe":212,"minecraft:stone_axe":17,"minecraft:cobblestone":43,"minecraft:cobbled_deepslate":78,"minecraft:acacia_planks":4},"minecraft:killed":{"minecraft:iron_golem":1,"minecraft:sheep":6},"minecraft:crafted":{"minecraft:oak_door":3,"minecraft:oak_planks":268,"minecraft:crafting_table":2,"minecraft:iron_helmet":1,"minecraft:iron_sword":1,"minecraft:stone_axe":1,"minecraft:air":0,"minecraft:diamond_helmet":1,"minecraft:diamond_leggings":1,"minecraft:iron_boots":1,"minecraft:iron_chestplate":1,"minecraft:shield":1,"minecraft:iron_axe":1,"minecraft:stick":20,"minecraft:iron_ingot":40,"minecraft:iron_pickaxe":1,"minecraft:stone_pickaxe":2,"minecraft:diamond_boots":1,"minecraft:iron_leggings":1,"minecraft:white_bed":1,"minecraft:acacia_planks":40,"minecraft:diamond_chestplate":1},"minecraft:dropped":{"minecraft:stone_axe":1,"minecraft:stone_sword":1,"minecraft:iron_helmet":1,"minecraft:iron_boots":1,"minecraft:poppy":1,"minecraft:iron_chestplate":1,"minecraft:wooden_axe":2,"minecraft:acacia_sapling":1,"minecraft:iron_leggings":1,"minecraft:stone_pickaxe":1,"minecraft:wooden_pickaxe":1},"minecraft:mined":{"minecraft:tuff":4,"minecraft:white_bed":2,"minecraft:deepslate_diamond_ore":69,"minecraft:oak_door":1,"minecraft:crafting_table":5,"minecraft:torch":4,"minecraft:glow_lichen":2,"minecraft:granite":2,"minecraft:short_grass":3,"minecraft:acacia_log":10,"minecraft:blast_furnace":2,"minecraft:melon":2,"minecraft:deepslate_gold_ore":19,"minecraft:diorite":1,"minecraft:iron_ore":40,"minecraft:andesite":1,"minecraft:oak_log":3,"minecraft:coal_ore":39,"minecraft:deepslate_iron_ore":15,"minecraft:stone":33,"minecraft:gold_ore":1,"minecraft:deepslate":99},"minecraft:custom":{"minecraft:interact_with_furnace":1,"minecraft:mob_kills":7,"minecraft:interact_with_crafting_table":17,"minecraft:leave_game":2,"minecraft:time_since_death":56372,"minecraft:sleep_in_bed":1,"minecraft:time_since_rest":54894,"minecraft:sprint_one_cm":185543,"minecraft:damage_taken":1461,"minecraft:walk_one_cm":85816,"minecraft:drop":12,"minecraft:damage_dealt":1513,"minecraft:swim_one_cm":7265,"minecraft:fly_one_cm":338427,"minecraft:open_chest":1,"minecraft:crouch_one_cm":5612,"minecraft:play_time":62848,"minecraft:deaths":1,"minecraft:sneak_time":2607,"minecraft:walk_under_water_one_cm":6224,"minecraft:jump":1478,"minecraft:interact_with_blast_furnace":9,"minecraft:walk_on_water_one_cm":12326,"minecraft:total_world_time":62848,"minecraft:fall_one_cm":52905},"minecraft:killed_by":{"minecraft:skeleton":1}},"DataVersion":3953}