{"stats":{"minecraft:picked_up":{"minecraft:wooden_axe":2,"minecraft:iron_chestplate":2,"minecraft:crafting_table":7,"minecraft:ominous_bottle":1,"minecraft:flower_pot":1,"minecraft:wooden_pickaxe":1,"minecraft:potion":2,"minecraft:enchanted_book":4,"minecraft:music_disc_creator":2,"minecraft:shield":3,"minecraft:brick":87,"minecraft:wind_charge":42,"minecraft:string":29,"minecraft:iron_leggings":1,"minecraft:cobbled_deepslate":115,"minecraft:trial_key":17,"minecraft:enchanted_golden_apple":2,"minecraft:poppy":1,"minecraft:light_gray_wool":1,"minecraft:guster_pottery_sherd":2,"minecraft:melon_slice":52,"minecraft:tipped_arrow":36,"minecraft:raw_iron":57,"minecraft:stick":44,"minecraft:oak_door":1,"minecraft:torch":3,"minecraft:acacia_log":10,"minecraft:flow_pottery_sherd":3,"minecraft:diorite":1,"minecraft:golden_chestplate":1,"minecraft:stone_sword":3,"minecraft:arrow":80,"minecraft:honey_bottle":2,"minecraft:rotten_flesh":61,"minecraft:decorated_pot":29,"minecraft:iron_block":1,"minecraft:tuff_bricks":5,"minecraft:mutton":12,"minecraft:white_wool":7,"minecraft:cobblestone":73,"minecraft:cooked_beef":5,"minecraft:golden_carrot":6,"minecraft:andesite":1,"minecraft:tuff":23,"minecraft:oak_log":6,"minecraft:waxed_copper_block":2,"minecraft:bone":72,"minecraft:acacia_planks":36,"minecraft:bow":2,"minecraft:raw_gold":20,"minecraft:iron_ingot":69,"minecraft:cooked_chicken":4,"minecraft:glass_bottle":1,"minecraft:oak_planks":27,"minecraft:acacia_sapling":2,"minecraft:blast_furnace":4,"minecraft:white_bed":4,"minecraft:spider_eye":3,"minecraft:diamond":71,"minecraft:stone_axe":1,"minecraft:waxed_oxidized_copper_grate":1,"minecraft:crossbow":3,"minecraft:granite":2,"minecraft:breeze_rod":22,"minecraft:golden_apple":2,"minecraft:bread":8,"minecraft:emerald":58,"minecraft:music_disc_precipice":1,"minecraft:baked_potato":10,"minecraft:ominous_trial_key":4,"minecraft:coal":39},"minecraft:used":{"minecraft:tuff_bricks":5,"minecraft:stone_sword":12,"minecraft:decorated_pot":8,"minecraft:shield":141,"minecraft:iron_sword":114,"minecraft:cooked_chicken":4,"minecraft:rotten_flesh":1,"minecraft:trial_key":8,"minecraft:oak_door":1,"minecraft:mutton":9,"minecraft:acacia_sapling":1,"minecraft:tuff":23,"minecraft:granite":2,"minecraft:wooden_axe":10,"minecraft:iron_axe":48,"minecraft:golden_carrot":2,"minecraft:ominous_bottle":1,"minecraft:cobbled_deepslate":115,"minecraft:acacia_planks":25,"minecraft:enchanted_golden_apple":1,"minecraft:diorite":1,"minecraft:stone_pickaxe":114,"minecraft:baked_potato":1,"minecraft:oak_planks":259,"minecraft:wooden_pickaxe":2,"minecraft:waxed_copper_block":2,"minecraft:golden_apple":1,"minecraft:white_wool":2,"minecraft:crafting_table":14,"minecraft:blast_furnace":2,"minecraft:crossbow":3,"minecraft:white_bed":3,"minecraft:flower_pot":1,"minecraft:diamond_pickaxe":15,"minecraft:ominous_trial_key":4,"minecraft:melon_slice":33,"minecraft:bread":55,"minecraft:iron_pickaxe":250,"minecraft:stone_axe":17,"minecraft:diamond_sword":374,"minecraft:cobblestone":46,"minecraft:potion":3,"minecraft:bucket":1},"minecraft:killed":{"minecraft:cave_spider":18,"minecraft:skeleton":57,"minecraft:iron_golem":1,"minecraft:sheep":6,"minecraft:zombie":58,"minecraft:breeze":14},"minecraft:broken":{"minecraft:shield":2,"minecraft:iron_pickaxe":1},"minecraft:crafted":{"minecraft:oak_door":3,"minecraft:oak_planks":268,"minecraft:diamond_helmet":1,"minecraft:iron_boots":1,"minecraft:diamond_leggings":1,"minecraft:iron_axe":1,"minecraft:stone_pickaxe":2,"minecraft:diamond_boots":1,"minecraft:diamond_sword":1,"minecraft:crafting_table":8,"minecraft:iron_helmet":1,"minecraft:iron_sword":1,"minecraft:stone_axe":1,"minecraft:air":0,"minecraft:iron_chestplate":1,"minecraft:diamond_pickaxe":1,"minecraft:shield":3,"minecraft:stick":40,"minecraft:iron_ingot":66,"minecraft:iron_pickaxe":1,"minecraft:iron_leggings":1,"minecraft:white_bed":1,"minecraft:acacia_planks":40,"minecraft:diamond_chestplate":1},"minecraft:dropped":{"minecraft:bread":18,"minecraft:iron_ingot":39,"minecraft:iron_sword":1,"minecraft:baked_potato":9,"minecraft:glass_bottle":4,"minecraft:decorated_pot":21,"minecraft:crossbow":3,"minecraft:iron_helmet":1,"minecraft:ominous_trial_key":1,"minecraft:stick":31,"minecraft:golden_carrot":2,"minecraft:torch":3,"minecraft:wooden_axe":2,"minecraft:music_disc_precipice":1,"minecraft:iron_leggings":2,"minecraft:string":29,"minecraft:bone":72,"minecraft:oak_door":3,"minecraft:stone_axe":1,"minecraft:flow_pottery_sherd":3,"minecraft:golden_chestplate":1,"minecraft:stone_sword":2,"minecraft:rotten_flesh":60,"minecraft:light_gray_wool":1,"minecraft:oak_planks":73,"minecraft:iron_boots":1,"minecraft:white_bed":1,"minecraft:music_disc_creator":2,"minecraft:poppy":1,"minecraft:shield":3,"minecraft:trial_key":7,"minecraft:iron_chestplate":3,"minecraft:andesite":1,"minecraft:acacia_sapling":1,"minecraft:spider_eye":3,"minecraft:bow":2,"minecraft:stone_pickaxe":1,"minecraft:wooden_pickaxe":1,"minecraft:waxed_oxidized_copper_grate":1,"minecraft:brick":87,"minecraft:guster_pottery_sherd":1},"minecraft:custom":{"minecraft:mob_kills":159,"minecraft:interact_with_crafting_table":25,"minecraft:open_barrel":12,"minecraft:leave_game":4,"minecraft:time_since_death":152886,"minecraft:damage_resisted":45,"minecraft:climb_one_cm":5799,"minecraft:sprint_one_cm":594016,"minecraft:walk_one_cm":379266,"minecraft:damage_blocked_by_shield":8370,"minecraft:drop":103,"minecraft:play_time":159362,"minecraft:sneak_time":5558,"minecraft:deaths":1,"minecraft:walk_under_water_one_cm":6224,"minecraft:jump":2667,"minecraft:interact_with_blast_furnace":16,"minecraft:walk_on_water_one_cm":21535,"minecraft:total_world_time":159362,"minecraft:interact_with_furnace":1,"minecraft:sleep_in_bed":2,"minecraft:time_since_rest":2834,"minecraft:damage_absorbed":196,"minecraft:damage_taken":6520,"minecraft:damage_dealt":27870,"minecraft:swim_one_cm":7265,"minecraft:fly_one_cm":570028,"minecraft:open_chest":19,"minecraft:crouch_one_cm":10508,"minecraft:fall_one_cm":110815,"minecraft:inspect_dispenser":6},"minecraft:mined":{"minecraft:tuff":23,"minecraft:white_bed":3,"minecraft:deepslate_diamond_ore":69,"minecraft:oak_door":1,"minecraft:glow_lichen":2,"minecraft:granite":2,"minecraft:acacia_log":10,"minecraft:decorated_pot":44,"minecraft:tuff_bricks":5,"minecraft:iron_ore":40,"minecraft:cobbled_deepslate":1,"minecraft:andesite":1,"minecraft:deepslate_iron_ore":15,"minecraft:stone":33,"minecraft:crafting_table":6,"minecraft:torch":4,"minecraft:short_grass":3,"minecraft:blast_furnace":3,"minecraft:melon":2,"minecraft:deepslate_gold_ore":19,"minecraft:oak_planks":31,"minecraft:diorite":1,"minecraft:waxed_oxidized_copper_grate":3,"minecraft:waxed_copper_block":2,"minecraft:oak_log":3,"minecraft:coal_ore":39,"minecraft:flower_pot":1,"minecraft:cobweb":1,"minecraft:gold_ore":1,"minecraft:deepslate":121},"minecraft:killed_by":{"minecraft:skeleton":1}},"DataVersion":3953}