{"stats":{"minecraft:dropped":{"minecraft:bread":18,"minecraft:iron_ingot":39,"minecraft:iron_sword":1,"minecraft:wheat_seeds":11,"minecraft:baked_potato":9,"minecraft:glass_bottle":4,"minecraft:decorated_pot":21,"minecraft:crossbow":3,"minecraft:iron_helmet":1,"minecraft:book":2,"minecraft:ominous_trial_key":1,"minecraft:stick":31,"minecraft:golden_carrot":2,"minecraft:torch":3,"minecraft:wooden_axe":2,"minecraft:music_disc_precipice":1,"minecraft:iron_leggings":2,"minecraft:writable_book":4,"minecraft:string":29,"minecraft:cauldron":4,"minecraft:bone":72,"minecraft:redstone":8,"minecraft:oak_door":3,"minecraft:gravel":71,"minecraft:stone_axe":1,"minecraft:tuff_bricks":4,"minecraft:sugar_cane":5,"minecraft:flow_pottery_sherd":3,"minecraft:golden_chestplate":1,"minecraft:stone_sword":2,"minecraft:wheat":1,"minecraft:chicken":1,"minecraft:rotten_flesh":66,"minecraft:light_gray_wool":1,"minecraft:oak_planks":73,"minecraft:iron_boots":1,"minecraft:white_bed":1,"minecraft:music_disc_creator":2,"minecraft:poppy":1,"minecraft:tipped_arrow":1,"minecraft:shield":3,"minecraft:trial_key":7,"minecraft:iron_chestplate":5,"minecraft:andesite":1,"minecraft:acacia_sapling":1,"minecraft:spider_eye":3,"minecraft:bow":2,"minecraft:stone_pickaxe":1,"minecraft:wooden_pickaxe":1,"minecraft:waxed_oxidized_copper_grate":1,"minecraft:brick":87,"minecraft:guster_pottery_sherd":1},"minecraft:broken":{"minecraft:shield":2,"minecraft:iron_pickaxe":1},"minecraft:crafted":{"minecraft:oak_door":3,"minecraft:oak_planks":296,"minecraft:stone_shovel":1,"minecraft:diamond_helmet":1,"minecraft:diamond_leggings":1,"minecraft:iron_boots":1,"minecraft:iron_axe":1,"minecraft:stone_pickaxe":2,"minecraft:diamond_boots":1,"minecraft:stone_hoe":1,"minecraft:diamond_sword":1,"minecraft:cooked_porkchop":2,"minecraft:diamond_axe":1,"minecraft:crafting_table":10,"minecraft:iron_helmet":1,"minecraft:iron_sword":1,"minecraft:fletching_table":3,"minecraft:stone_axe":1,"minecraft:air":0,"minecraft:iron_chestplate":1,"minecraft:diamond_pickaxe":1,"minecraft:shield":4,"minecraft:stick":44,"minecraft:iron_ingot":66,"minecraft:iron_pickaxe":1,"minecraft:iron_leggings":1,"minecraft:gold_ingot":26,"minecraft:white_bed":1,"minecraft:acacia_planks":40,"minecraft:diamond_chestplate":1},"minecraft:picked_up":{"minecraft:wooden_axe":2,"minecraft:iron_chestplate":4,"minecraft:crafting_table":7,"minecraft:wheat":1,"minecraft:ominous_bottle":2,"minecraft:chicken":1,"minecraft:flower_pot":1,"minecraft:wooden_pickaxe":1,"minecraft:potion":2,"minecraft:enchanted_book":5,"minecraft:music_disc_creator":2,"minecraft:brick":87,"minecraft:shield":3,"minecraft:wind_charge":96,"minecraft:string":29,"minecraft:iron_axe":1,"minecraft:iron_leggings":1,"minecraft:diamond_leggings":1,"minecraft:cobbled_deepslate":174,"minecraft:trial_key":17,"minecraft:poppy":1,"minecraft:enchanted_golden_apple":2,"minecraft:light_gray_wool":1,"minecraft:guster_pottery_sherd":2,"minecraft:melon_slice":52,"minecraft:sugar_cane":5,"minecraft:tipped_arrow":48,"minecraft:stick":44,"minecraft:raw_iron":57,"minecraft:oak_door":1,"minecraft:composter":1,"minecraft:torch":4,"minecraft:acacia_log":10,"minecraft:porkchop":6,"minecraft:flow_pottery_sherd":3,"minecraft:diorite":11,"minecraft:redstone":8,"minecraft:golden_chestplate":1,"minecraft:cauldron":7,"minecraft:honey_bottle":4,"minecraft:stone_sword":3,"minecraft:arrow":131,"minecraft:rotten_flesh":68,"minecraft:decorated_pot":30,"minecraft:hay_block":22,"minecraft:iron_block":1,"minecraft:tuff_bricks":9,"minecraft:mutton":12,"minecraft:obsidian":14,"minecraft:white_wool":7,"minecraft:cobblestone":97,"minecraft:cooked_beef":5,"minecraft:golden_carrot":8,"minecraft:andesite":1,"minecraft:flint":6,"minecraft:tuff":23,"minecraft:oak_log":195,"minecraft:waxed_copper_block":2,"minecraft:cobblestone_wall":1,"minecraft:lapis_lazuli":29,"minecraft:dirt":1,"minecraft:bone":74,"minecraft:acacia_planks":36,"minecraft:bow":2,"minecraft:wheat_seeds":15,"minecraft:raw_gold":26,"minecraft:iron_ingot":101,"minecraft:cooked_chicken":4,"minecraft:fletching_table":7,"minecraft:diamond_helmet":1,"minecraft:glass_bottle":1,"minecraft:oak_planks":88,"minecraft:acacia_sapling":2,"minecraft:book":2,"minecraft:gravel":100,"minecraft:blast_furnace":4,"minecraft:white_bed":6,"minecraft:spider_eye":3,"minecraft:diamond":80,"minecraft:stone_axe":1,"minecraft:writable_book":2,"minecraft:waxed_oxidized_copper_grate":1,"minecraft:granite":2,"minecraft:crossbow":3,"minecraft:breeze_rod":22,"minecraft:golden_apple":3,"minecraft:oak_sapling":3,"minecraft:emerald":62,"minecraft:bread":8,"minecraft:music_disc_precipice":1,"minecraft:baked_potato":10,"minecraft:melon_seeds":3,"minecraft:coal":52,"minecraft:ominous_trial_key":4},"minecraft:used":{"minecraft:tuff_bricks":5,"minecraft:stone_sword":12,"minecraft:stone_shovel":107,"minecraft:decorated_pot":9,"minecraft:shield":153,"minecraft:iron_sword":114,"minecraft:stone_hoe":20,"minecraft:cooked_chicken":4,"minecraft:rotten_flesh":1,"minecraft:trial_key":10,"minecraft:oak_door":1,"minecraft:dirt":1,"minecraft:mutton":9,"minecraft:diamond_helmet":1,"minecraft:tuff":23,"minecraft:acacia_sapling":1,"minecraft:granite":2,"minecraft:obsidian":14,"minecraft:wooden_axe":10,"minecraft:iron_axe":51,"minecraft:golden_carrot":4,"minecraft:hay_block":2,"minecraft:ominous_bottle":1,"minecraft:cooked_beef":5,"minecraft:acacia_planks":25,"minecraft:cobbled_deepslate":174,"minecraft:enchanted_golden_apple":1,"minecraft:water_bucket":6,"minecraft:diorite":11,"minecraft:stone_pickaxe":114,"minecraft:oak_planks":264,"minecraft:baked_potato":1,"minecraft:wooden_pickaxe":2,"minecraft:cauldron":3,"minecraft:fletching_table":9,"minecraft:diamond_axe":227,"minecraft:waxed_copper_block":2,"minecraft:white_wool":2,"minecraft:golden_apple":2,"minecraft:crafting_table":16,"minecraft:blast_furnace":3,"minecraft:crossbow":75,"minecraft:white_bed":6,"minecraft:flower_pot":1,"minecraft:diamond_pickaxe":215,"minecraft:ominous_trial_key":4,"minecraft:wind_charge":37,"minecraft:melon_slice":33,"minecraft:bread":66,"minecraft:iron_pickaxe":250,"minecraft:lectern":1,"minecraft:gravel":29,"minecraft:stone_axe":17,"minecraft:diamond_sword":441,"minecraft:potion":3,"minecraft:cobblestone":51,"minecraft:cooked_porkchop":2,"minecraft:bucket":7,"minecraft:oak_boat":1},"minecraft:custom":{"minecraft:mob_kills":183,"minecraft:interact_with_crafting_table":36,"minecraft:open_barrel":12,"minecraft:leave_game":6,"minecraft:time_since_death":55456,"minecraft:climb_one_cm":7436,"minecraft:damage_resisted":45,"minecraft:sprint_one_cm":808436,"minecraft:walk_one_cm":512714,"minecraft:damage_blocked_by_shield":9289,"minecraft:drop":135,"minecraft:talked_to_villager":23,"minecraft:play_time":248557,"minecraft:deaths":2,"minecraft:sneak_time":6635,"minecraft:walk_under_water_one_cm":11664,"minecraft:boat_one_cm":82492,"minecraft:jump":4337,"minecraft:interact_with_blast_furnace":20,"minecraft:walk_on_water_one_cm":29352,"minecraft:total_world_time":248557,"minecraft:interact_with_furnace":1,"minecraft:sleep_in_bed":9,"minecraft:time_since_rest":16784,"minecraft:damage_taken":8050,"minecraft:damage_absorbed":237,"minecraft:damage_dealt":32009,"minecraft:player_kills":8,"minecraft:swim_one_cm":16927,"minecraft:fly_one_cm":1054514,"minecraft:open_chest":52,"minecraft:crouch_one_cm":11356,"minecraft:interact_with_smoker":7,"minecraft:fall_one_cm":160213,"minecraft:inspect_dispenser":6},"minecraft:killed":{"minecraft:cave_spider":18,"minecraft:bogged":1,"minecraft:skeleton":62,"minecraft:chicken":1,"minecraft:piglin":4,"minecraft:pig":1,"minecraft:iron_golem":1,"minecraft:hoglin":1,"minecraft:sheep":7,"minecraft:zombie":65,"minecraft:breeze":14,"minecraft:cow":1},"minecraft:killed_by":{"minecraft:skeleton":1,"minecraft:zombie":1},"minecraft:mined":{"minecraft:tuff":25,"minecraft:white_bed":4,"minecraft:deepslate_diamond_ore":78,"minecraft:oak_door":1,"minecraft:obsidian":14,"minecraft:glow_lichen":2,"minecraft:granite":18,"minecraft:acacia_log":10,"minecraft:grass_block":1,"minecraft:decorated_pot":45,"minecraft:composter":1,"minecraft:tuff_bricks":10,"minecraft:hay_block":22,"minecraft:iron_ore":40,"minecraft:cobbled_deepslate":1,"minecraft:andesite":1,"minecraft:fletching_table":7,"minecraft:deepslate_lapis_ore":5,"minecraft:vine":1,"minecraft:water_cauldron":4,"minecraft:deepslate_iron_ore":15,"minecraft:stone":74,"minecraft:soul_fire":1,"minecraft:crafting_table":6,"minecraft:torch":5,"minecraft:short_grass":31,"minecraft:blast_furnace":3,"minecraft:melon":2,"minecraft:tall_grass":11,"minecraft:copper_ore":2,"minecraft:sugar_cane":2,"minecraft:deepslate_gold_ore":25,"minecraft:oak_planks":32,"minecraft:diorite":11,"minecraft:cauldron":3,"minecraft:cobblestone_wall":1,"minecraft:waxed_oxidized_copper_grate":3,"minecraft:wheat":1,"minecraft:waxed_copper_block":4,"minecraft:oak_log":194,"minecraft:coal_ore":52,"minecraft:gravel":106,"minecraft:flower_pot":1,"minecraft:cobweb":1,"minecraft:oak_leaves":4,"minecraft:gold_ore":1,"minecraft:deepslate":178}},"DataVersion":3953}