{"stats":{"minecraft:picked_up":{"minecraft:wooden_axe":2,"minecraft:crafting_table":5,"minecraft:andesite":1,"minecraft:wooden_pickaxe":1,"minecraft:tuff":2,"minecraft:oak_log":6,"minecraft:acacia_planks":36,"minecraft:cobbled_deepslate":31,"minecraft:raw_gold":16,"minecraft:iron_ingot":5,"minecraft:poppy":1,"minecraft:light_gray_wool":1,"minecraft:melon_slice":52,"minecraft:acacia_sapling":2,"minecraft:stick":44,"minecraft:raw_iron":57,"minecraft:torch":3,"minecraft:acacia_log":10,"minecraft:blast_furnace":3,"minecraft:diorite":1,"minecraft:white_bed":2,"minecraft:stone_sword":2,"minecraft:diamond":16,"minecraft:stone_axe":1,"minecraft:granite":2,"minecraft:mutton":12,"minecraft:coal":39,"minecraft:white_wool":7,"minecraft:cobblestone":73},"minecraft:used":{"minecraft:stone_sword":12,"minecraft:stone_pickaxe":114,"minecraft:wooden_pickaxe":2,"minecraft:crafting_table":4,"minecraft:blast_furnace":1,"minecraft:white_bed":2,"minecraft:acacia_sapling":1,"minecraft:tuff":1,"minecraft:wooden_axe":10,"minecraft:iron_axe":1,"minecraft:melon_slice":15,"minecraft:iron_pickaxe":85,"minecraft:stone_axe":17,"minecraft:cobblestone":39,"minecraft:cobbled_deepslate":20,"minecraft:acacia_planks":4},"minecraft:killed":{"minecraft:iron_golem":1,"minecraft:sheep":6},"minecraft:crafted":{"minecraft:oak_planks":12,"minecraft:crafting_table":1,"minecraft:iron_helmet":1,"minecraft:iron_sword":1,"minecraft:stone_axe":1,"minecraft:air":0,"minecraft:iron_boots":1,"minecraft:iron_chestplate":1,"minecraft:shield":1,"minecraft:iron_axe":1,"minecraft:stick":20,"minecraft:iron_ingot":40,"minecraft:iron_pickaxe":1,"minecraft:stone_pickaxe":2,"minecraft:iron_leggings":1,"minecraft:white_bed":1,"minecraft:acacia_planks":40},"minecraft:dropped":{"minecraft:stone_axe":1,"minecraft:stone_sword":1,"minecraft:poppy":1,"minecraft:wooden_axe":2,"minecraft:acacia_sapling":1,"minecraft:stone_pickaxe":1,"minecraft:wooden_pickaxe":1},"minecraft:mined":{"minecraft:tuff":2,"minecraft:white_bed":2,"minecraft:deepslate_diamond_ore":17,"minecraft:crafting_table":4,"minecraft:torch":4,"minecraft:glow_lichen":1,"minecraft:granite":2,"minecraft:short_grass":3,"minecraft:acacia_log":10,"minecraft:blast_furnace":2,"minecraft:melon":2,"minecraft:deepslate_gold_ore":15,"minecraft:diorite":1,"minecraft:iron_ore":40,"minecraft:andesite":1,"minecraft:oak_log":3,"minecraft:coal_ore":39,"minecraft:deepslate_iron_ore":15,"minecraft:stone":33,"minecraft:gold_ore":1,"minecraft:deepslate":31},"minecraft:custom":{"minecraft:interact_with_furnace":1,"minecraft:mob_kills":7,"minecraft:interact_with_crafting_table":6,"minecraft:leave_game":1,"minecraft:time_since_death":34784,"minecraft:sleep_in_bed":1,"minecraft:time_since_rest":33306,"minecraft:sprint_one_cm":137981,"minecraft:damage_taken":805,"minecraft:walk_one_cm":68464,"minecraft:drop":8,"minecraft:damage_dealt":1513,"minecraft:fly_one_cm":173691,"minecraft:open_chest":1,"minecraft:crouch_one_cm":2442,"minecraft:play_time":41260,"minecraft:deaths":1,"minecraft:sneak_time":1057,"minecraft:jump":933,"minecraft:interact_with_blast_furnace":9,"minecraft:walk_on_water_one_cm":7793,"minecraft:total_world_time":41260,"minecraft:fall_one_cm":34922},"minecraft:killed_by":{"minecraft:skeleton":1}},"DataVersion":3953}