{"stats":{"minecraft:picked_up":{"minecraft:orange_bed":1},"minecraft:mined":{"minecraft:oak_log":1,"minecraft:oak_leaves":2,"minecraft:orange_bed":1},"minecraft:custom":{"minecraft:jump":101,"minecraft:time_since_rest":1232,"minecraft:damage_dealt":10,"minecraft:play_time":5052,"minecraft:leave_game":3,"minecraft:sprint_one_cm":13766,"minecraft:damage_taken":20,"minecraft:time_since_death":5052,"minecraft:walk_one_cm":2804,"minecraft:sleep_in_bed":1,"minecraft:total_world_time":5052,"minecraft:fall_one_cm":4398,"minecraft:fly_one_cm":29828}},"DataVersion":3953}