{"stats":{"minecraft:picked_up":{"minecraft:wooden_axe":1,"minecraft:lingering_potion":11,"minecraft:crafting_table":7,"minecraft:iron_chestplate":3,"minecraft:wheat":32,"minecraft:chicken":2,"minecraft:wooden_pickaxe":3,"minecraft:potion":1,"minecraft:shield":7,"minecraft:wind_charge":4,"minecraft:string":24,"minecraft:iron_axe":4,"minecraft:iron_leggings":3,"minecraft:compass":2,"minecraft:cobbled_deepslate":120,"minecraft:trial_key":8,"minecraft:poppy":1,"minecraft:iron_pickaxe":4,"minecraft:guster_pottery_sherd":4,"minecraft:melon_slice":54,"minecraft:waxed_oxidized_copper":2,"minecraft:furnace":1,"minecraft:iron_boots":4,"minecraft:egg":24,"minecraft:tipped_arrow":15,"minecraft:raw_iron":68,"minecraft:stick":139,"minecraft:torch":118,"minecraft:acacia_log":26,"minecraft:waxed_copper_grate":1,"minecraft:redstone":136,"minecraft:golden_chestplate":2,"minecraft:honey_bottle":2,"minecraft:stone_sword":18,"minecraft:arrow":12,"minecraft:rotten_flesh":72,"minecraft:decorated_pot":5,"minecraft:hay_block":8,"minecraft:tuff_bricks":10,"minecraft:snowball":42,"minecraft:cobblestone":96,"minecraft:water_bucket":1,"minecraft:potato":1,"minecraft:tuff":4,"minecraft:oak_log":11,"minecraft:waxed_copper_block":2,"minecraft:golden_boots":2,"minecraft:lapis_lazuli":58,"minecraft:dirt":7,"minecraft:leather_boots":2,"minecraft:bone":111,"minecraft:acacia_planks":80,"minecraft:bow":3,"minecraft:wheat_seeds":167,"minecraft:raw_gold":7,"minecraft:cooked_chicken":1,"minecraft:iron_ingot":65,"minecraft:stone_pickaxe":5,"minecraft:glass_bottle":4,"minecraft:acacia_sapling":4,"minecraft:oak_planks":34,"minecraft:honeycomb":12,"minecraft:iron_sword":2,"minecraft:spider_eye":4,"minecraft:diamond":31,"minecraft:stone_axe":1,"minecraft:iron_helmet":4,"minecraft:crossbow":2,"minecraft:bone_meal":63,"minecraft:emerald":2,"minecraft:bread":66,"minecraft:baked_potato":9,"minecraft:oak_sapling":1,"minecraft:melon_seeds":8,"minecraft:chiseled_tuff_bricks":4,"minecraft:coal":28},"minecraft:used":{"minecraft:stone_sword":15,"minecraft:decorated_pot":5,"minecraft:chest":1,"minecraft:shield":21,"minecraft:iron_sword":5,"minecraft:cooked_chicken":1,"minecraft:trial_key":2,"minecraft:iron_chestplate":1,"minecraft:torch":107,"minecraft:dirt":4,"minecraft:waxed_copper_grate":1,"minecraft:acacia_sapling":3,"minecraft:tuff":3,"minecraft:snowball":2,"minecraft:honey_bottle":4,"minecraft:waxed_oxidized_copper":1,"minecraft:wooden_axe":15,"minecraft:iron_axe":42,"minecraft:iron_helmet":1,"minecraft:bow":6,"minecraft:oak_sapling":1,"minecraft:furnace":1,"minecraft:potato":1,"minecraft:acacia_planks":4,"minecraft:cobbled_deepslate":6,"minecraft:iron_leggings":2,"minecraft:water_bucket":2,"minecraft:stone_pickaxe":114,"minecraft:baked_potato":8,"minecraft:oak_planks":10,"minecraft:wooden_pickaxe":54,"minecraft:diamond_axe":8,"minecraft:crafting_table":8,"minecraft:crossbow":3,"minecraft:lingering_potion":6,"minecraft:diamond_pickaxe":59,"minecraft:wind_charge":4,"minecraft:melon_slice":2,"minecraft:bread":26,"minecraft:iron_pickaxe":165,"minecraft:stone_axe":27,"minecraft:potion":2,"minecraft:bucket":2},"minecraft:killed":{"minecraft:cave_spider":1,"minecraft:skeleton":1,"minecraft:chicken":1,"minecraft:zombie":6},"minecraft:crafted":{"minecraft:oak_planks":44,"minecraft:furnace":1,"minecraft:bone_meal":63,"minecraft:iron_boots":2,"minecraft:iron_axe":2,"minecraft:stone_pickaxe":1,"minecraft:chest":1,"minecraft:diamond_boots":1,"minecraft:wheat":72,"minecraft:diamond_axe":1,"minecraft:crafting_table":3,"minecraft:wooden_pickaxe":2,"minecraft:iron_helmet":2,"minecraft:iron_sword":2,"minecraft:stone_axe":1,"minecraft:bread":34,"minecraft:air":0,"minecraft:iron_chestplate":2,"minecraft:diamond_pickaxe":1,"minecraft:shield":2,"minecraft:stick":98,"minecraft:iron_ingot":35,"minecraft:iron_pickaxe":2,"minecraft:wooden_axe":2,"minecraft:stone_sword":16,"minecraft:iron_leggings":2,"minecraft:acacia_planks":102,"minecraft:torch":86,"minecraft:diamond_chestplate":1},"minecraft:dropped":{"minecraft:wheat_seeds":167,"minecraft:glass_bottle":2,"minecraft:cobblestone":22,"minecraft:stick":22,"minecraft:dirt":1,"minecraft:wooden_axe":1,"minecraft:melon_slice":26,"minecraft:stone_axe":1,"minecraft:stone_sword":4,"minecraft:wheat":2,"minecraft:rotten_flesh":1,"minecraft:poppy":1,"minecraft:melon_seeds":6,"minecraft:acacia_sapling":1,"minecraft:bow":1,"minecraft:stone_pickaxe":1,"minecraft:wooden_pickaxe":2,"minecraft:raw_gold":1},"minecraft:custom":{"minecraft:mob_kills":11,"minecraft:interact_with_crafting_table":26,"minecraft:open_barrel":3,"minecraft:leave_game":2,"minecraft:time_since_death":5447,"minecraft:climb_one_cm":5498,"minecraft:sprint_one_cm":388027,"minecraft:walk_one_cm":404954,"minecraft:damage_blocked_by_shield":1200,"minecraft:drop":31,"minecraft:talked_to_villager":3,"minecraft:play_time":161607,"minecraft:deaths":12,"minecraft:sneak_time":742,"minecraft:walk_under_water_one_cm":1115,"minecraft:jump":1387,"minecraft:walk_on_water_one_cm":5778,"minecraft:total_world_time":161607,"minecraft:interact_with_furnace":11,"minecraft:sleep_in_bed":5,"minecraft:time_since_rest":5485,"minecraft:damage_taken":4913,"minecraft:damage_dealt":1947,"minecraft:swim_one_cm":307,"minecraft:fly_one_cm":133175,"minecraft:open_chest":14,"minecraft:crouch_one_cm":606,"minecraft:fall_one_cm":34945,"minecraft:inspect_dispenser":9},"minecraft:mined":{"minecraft:tuff":4,"minecraft:deepslate_diamond_ore":31,"minecraft:acacia_log":26,"minecraft:grass_block":5,"minecraft:decorated_pot":5,"minecraft:chiseled_tuff_bricks":2,"minecraft:tuff_bricks":13,"minecraft:spawner":2,"minecraft:hay_block":8,"minecraft:furnace":1,"minecraft:waxed_copper_grate":1,"minecraft:iron_ore":14,"minecraft:cobbled_deepslate":1,"minecraft:deepslate_lapis_ore":8,"minecraft:chiseled_tuff":1,"minecraft:deepslate_iron_ore":45,"minecraft:stone":81,"minecraft:deepslate_redstone_ore":30,"minecraft:acacia_leaves":1,"minecraft:crafting_table":7,"minecraft:torch":7,"minecraft:short_grass":10,"minecraft:melon":6,"minecraft:cobblestone":1,"minecraft:tall_grass":2,"minecraft:deepslate_gold_ore":7,"minecraft:oak_planks":6,"minecraft:wall_torch":9,"minecraft:wheat":33,"minecraft:waxed_copper_block":1,"minecraft:oak_log":11,"minecraft:coal_ore":27,"minecraft:waxed_oxidized_copper":1,"minecraft:acacia_planks":3,"minecraft:oak_leaves":1,"minecraft:deepslate":119},"minecraft:killed_by":{"minecraft:creeper":1,"minecraft:skeleton":4,"minecraft:zombie":6}},"DataVersion":3953}