{"stats":{"minecraft:picked_up":{"minecraft:wooden_axe":1,"minecraft:lingering_potion":13,"minecraft:crafting_table":9,"minecraft:iron_chestplate":5,"minecraft:wheat":32,"minecraft:chicken":4,"minecraft:wooden_pickaxe":3,"minecraft:potion":1,"minecraft:shield":8,"minecraft:wind_charge":14,"minecraft:string":72,"minecraft:iron_axe":8,"minecraft:iron_leggings":4,"minecraft:compass":2,"minecraft:cobbled_deepslate":210,"minecraft:trial_key":13,"minecraft:poppy":1,"minecraft:iron_pickaxe":6,"minecraft:guster_pottery_sherd":6,"minecraft:melon_slice":54,"minecraft:waxed_oxidized_copper":2,"minecraft:furnace":1,"minecraft:iron_boots":6,"minecraft:egg":40,"minecraft:tipped_arrow":31,"minecraft:raw_iron":70,"minecraft:stick":191,"minecraft:torch":124,"minecraft:acacia_log":26,"minecraft:waxed_copper_grate":1,"minecraft:redstone":150,"minecraft:golden_chestplate":4,"minecraft:waxed_oxidized_chiseled_copper":1,"minecraft:honey_bottle":2,"minecraft:stone_sword":24,"minecraft:arrow":18,"minecraft:rotten_flesh":168,"minecraft:decorated_pot":5,"minecraft:hay_block":8,"minecraft:tuff_bricks":35,"minecraft:obsidian":4,"minecraft:snowball":70,"minecraft:cobblestone":96,"minecraft:water_bucket":3,"minecraft:potato":1,"minecraft:flint":1,"minecraft:tuff":33,"minecraft:oak_log":11,"minecraft:waxed_copper_block":6,"minecraft:golden_boots":5,"minecraft:lapis_lazuli":67,"minecraft:dirt":7,"minecraft:leather_boots":4,"minecraft:bone":206,"minecraft:acacia_planks":84,"minecraft:bow":3,"minecraft:wheat_seeds":167,"minecraft:raw_gold":14,"minecraft:cooked_chicken":1,"minecraft:iron_ingot":77,"minecraft:stone_pickaxe":7,"minecraft:glass_bottle":13,"minecraft:acacia_sapling":4,"minecraft:oak_planks":110,"minecraft:honeycomb":18,"minecraft:iron_sword":4,"minecraft:gravel":4,"minecraft:spider_eye":8,"minecraft:diamond":52,"minecraft:stone_axe":1,"minecraft:iron_helmet":6,"minecraft:crossbow":5,"minecraft:bone_meal":189,"minecraft:emerald":9,"minecraft:bread":66,"minecraft:baked_potato":10,"minecraft:oak_sapling":1,"minecraft:ominous_trial_key":1,"minecraft:melon_seeds":8,"minecraft:chiseled_tuff_bricks":8,"minecraft:coal":28},"minecraft:used":{"minecraft:tuff_bricks":2,"minecraft:stone_sword":15,"minecraft:decorated_pot":5,"minecraft:chest":1,"minecraft:shield":22,"minecraft:iron_sword":5,"minecraft:cooked_chicken":1,"minecraft:trial_key":4,"minecraft:iron_chestplate":2,"minecraft:torch":107,"minecraft:dirt":4,"minecraft:waxed_copper_grate":1,"minecraft:acacia_sapling":3,"minecraft:tuff":3,"minecraft:snowball":2,"minecraft:honey_bottle":4,"minecraft:waxed_oxidized_copper":1,"minecraft:wooden_axe":15,"minecraft:iron_axe":58,"minecraft:iron_helmet":1,"minecraft:bow":6,"minecraft:oak_sapling":1,"minecraft:furnace":1,"minecraft:potato":1,"minecraft:acacia_planks":4,"minecraft:cobbled_deepslate":6,"minecraft:iron_leggings":3,"minecraft:golden_boots":1,"minecraft:water_bucket":2,"minecraft:stone_pickaxe":114,"minecraft:baked_potato":9,"minecraft:oak_planks":30,"minecraft:wooden_pickaxe":54,"minecraft:diamond_axe":8,"minecraft:waxed_copper_block":2,"minecraft:crafting_table":11,"minecraft:crossbow":6,"minecraft:lingering_potion":6,"minecraft:diamond_pickaxe":73,"minecraft:ominous_trial_key":1,"minecraft:wind_charge":4,"minecraft:melon_slice":2,"minecraft:bread":26,"minecraft:iron_pickaxe":370,"minecraft:stone_axe":27,"minecraft:diamond_sword":1,"minecraft:potion":2,"minecraft:bucket":2,"minecraft:diamond_leggings":1},"minecraft:killed":{"minecraft:cave_spider":1,"minecraft:skeleton":1,"minecraft:chicken":1,"minecraft:zombie":6},"minecraft:crafted":{"minecraft:oak_planks":44,"minecraft:furnace":1,"minecraft:bone_meal":63,"minecraft:diamond_helmet":1,"minecraft:diamond_leggings":1,"minecraft:iron_boots":2,"minecraft:iron_axe":2,"minecraft:stone_pickaxe":1,"minecraft:chest":1,"minecraft:diamond_boots":1,"minecraft:wheat":72,"minecraft:diamond_sword":1,"minecraft:diamond_axe":1,"minecraft:crafting_table":4,"minecraft:wooden_pickaxe":2,"minecraft:iron_helmet":2,"minecraft:iron_sword":2,"minecraft:stone_axe":1,"minecraft:bread":34,"minecraft:air":0,"minecraft:iron_chestplate":2,"minecraft:diamond_pickaxe":2,"minecraft:shield":2,"minecraft:stick":98,"minecraft:iron_ingot":35,"minecraft:iron_pickaxe":2,"minecraft:wooden_axe":2,"minecraft:stone_sword":16,"minecraft:iron_leggings":2,"minecraft:acacia_planks":102,"minecraft:torch":86,"minecraft:diamond_chestplate":1},"minecraft:dropped":{"minecraft:golden_boots":1,"minecraft:iron_sword":1,"minecraft:wheat_seeds":167,"minecraft:glass_bottle":8,"minecraft:iron_helmet":1,"minecraft:cobblestone":22,"minecraft:honeycomb":3,"minecraft:stick":22,"minecraft:dirt":1,"minecraft:torch":3,"minecraft:wooden_axe":1,"minecraft:melon_slice":26,"minecraft:iron_leggings":1,"minecraft:iron_axe":1,"minecraft:iron_pickaxe":1,"minecraft:string":16,"minecraft:stone_axe":1,"minecraft:golden_chestplate":1,"minecraft:stone_sword":6,"minecraft:wheat":2,"minecraft:rotten_flesh":1,"minecraft:poppy":1,"minecraft:melon_seeds":6,"minecraft:leather_boots":1,"minecraft:acacia_sapling":1,"minecraft:spider_eye":2,"minecraft:bow":1,"minecraft:stone_pickaxe":1,"minecraft:wooden_pickaxe":2,"minecraft:raw_gold":1},"minecraft:custom":{"minecraft:mob_kills":11,"minecraft:interact_with_crafting_table":31,"minecraft:open_barrel":4,"minecraft:leave_game":2,"minecraft:time_since_death":28908,"minecraft:climb_one_cm":7279,"minecraft:sprint_one_cm":473943,"minecraft:walk_one_cm":496006,"minecraft:damage_blocked_by_shield":1224,"minecraft:drop":50,"minecraft:talked_to_villager":4,"minecraft:play_time":197607,"minecraft:deaths":14,"minecraft:sneak_time":2739,"minecraft:walk_under_water_one_cm":5116,"minecraft:jump":1715,"minecraft:interact_with_blast_furnace":2,"minecraft:walk_on_water_one_cm":9373,"minecraft:total_world_time":197607,"minecraft:interact_with_furnace":11,"minecraft:sleep_in_bed":6,"minecraft:time_since_rest":16143,"minecraft:damage_taken":5935,"minecraft:damage_dealt":2050,"minecraft:swim_one_cm":307,"minecraft:fly_one_cm":159156,"minecraft:open_chest":16,"minecraft:crouch_one_cm":4295,"minecraft:fall_one_cm":40446,"minecraft:inspect_dispenser":9},"minecraft:mined":{"minecraft:tuff":31,"minecraft:deepslate_diamond_ore":52,"minecraft:obsidian":4,"minecraft:waxed_oxidized_chiseled_copper":1,"minecraft:acacia_log":26,"minecraft:grass_block":5,"minecraft:decorated_pot":9,"minecraft:chiseled_tuff_bricks":2,"minecraft:tuff_bricks":28,"minecraft:spawner":2,"minecraft:hay_block":8,"minecraft:waxed_oxidized_cut_copper":1,"minecraft:furnace":1,"minecraft:waxed_copper_grate":1,"minecraft:iron_ore":14,"minecraft:cobbled_deepslate":1,"minecraft:deepslate_lapis_ore":9,"minecraft:chiseled_tuff":1,"minecraft:deepslate_iron_ore":47,"minecraft:stone":81,"minecraft:deepslate_redstone_ore":35,"minecraft:acacia_leaves":1,"minecraft:crafting_table":9,"minecraft:torch":7,"minecraft:short_grass":10,"minecraft:calcite":19,"minecraft:melon":6,"minecraft:cobblestone":1,"minecraft:tall_grass":2,"minecraft:deepslate_gold_ore":14,"minecraft:oak_planks":8,"minecraft:wall_torch":9,"minecraft:amethyst_block":9,"minecraft:wheat":33,"minecraft:waxed_copper_block":3,"minecraft:oak_log":11,"minecraft:coal_ore":27,"minecraft:waxed_oxidized_copper":1,"minecraft:gravel":6,"minecraft:smooth_basalt":6,"minecraft:acacia_planks":3,"minecraft:oak_leaves":1,"minecraft:deepslate":211},"minecraft:killed_by":{"minecraft:creeper":1,"minecraft:skeleton":6,"minecraft:zombie":6}},"DataVersion":3953}