{"stats":{"minecraft:picked_up":{"minecraft:wooden_axe":1,"minecraft:crafting_table":6,"minecraft:wheat":32,"minecraft:wooden_pickaxe":3,"minecraft:oak_log":11,"minecraft:lapis_lazuli":58,"minecraft:dirt":7,"minecraft:compass":2,"minecraft:acacia_planks":76,"minecraft:wheat_seeds":167,"minecraft:cobbled_deepslate":53,"minecraft:raw_gold":7,"minecraft:iron_ingot":2,"minecraft:stone_pickaxe":1,"minecraft:poppy":1,"minecraft:melon_slice":54,"minecraft:oak_planks":2,"minecraft:acacia_sapling":4,"minecraft:furnace":1,"minecraft:stick":4,"minecraft:raw_iron":68,"minecraft:torch":105,"minecraft:acacia_log":26,"minecraft:redstone":136,"minecraft:stone_sword":17,"minecraft:rotten_flesh":2,"minecraft:diamond":7,"minecraft:stone_axe":1,"minecraft:hay_block":8,"minecraft:bread":30,"minecraft:oak_sapling":1,"minecraft:melon_seeds":8,"minecraft:coal":28,"minecraft:cobblestone":96},"minecraft:used":{"minecraft:stone_sword":4,"minecraft:stone_pickaxe":114,"minecraft:wooden_pickaxe":54,"minecraft:iron_sword":1,"minecraft:iron_chestplate":1,"minecraft:torch":98,"minecraft:dirt":4,"minecraft:crafting_table":7,"minecraft:acacia_sapling":3,"minecraft:wooden_axe":15,"minecraft:bread":8,"minecraft:iron_axe":1,"minecraft:melon_slice":2,"minecraft:iron_pickaxe":110,"minecraft:stone_axe":27,"minecraft:furnace":1,"minecraft:oak_sapling":1,"minecraft:cobbled_deepslate":1,"minecraft:acacia_planks":4,"minecraft:iron_leggings":1},"minecraft:crafted":{"minecraft:oak_planks":44,"minecraft:crafting_table":3,"minecraft:wooden_pickaxe":2,"minecraft:iron_helmet":1,"minecraft:iron_sword":1,"minecraft:furnace":1,"minecraft:stone_axe":1,"minecraft:bread":34,"minecraft:air":0,"minecraft:iron_boots":1,"minecraft:iron_chestplate":1,"minecraft:shield":1,"minecraft:iron_axe":1,"minecraft:stick":88,"minecraft:iron_ingot":35,"minecraft:iron_pickaxe":1,"minecraft:stone_pickaxe":1,"minecraft:wooden_axe":2,"minecraft:stone_sword":16,"minecraft:iron_leggings":1,"minecraft:acacia_planks":102,"minecraft:torch":86,"minecraft:wheat":72},"minecraft:dropped":{"minecraft:stone_axe":1,"minecraft:wheat_seeds":167,"minecraft:stone_sword":2,"minecraft:wheat":2,"minecraft:rotten_flesh":1,"minecraft:cobblestone":22,"minecraft:stick":22,"minecraft:poppy":1,"minecraft:dirt":1,"minecraft:wooden_axe":1,"minecraft:melon_seeds":6,"minecraft:melon_slice":26,"minecraft:acacia_sapling":1,"minecraft:stone_pickaxe":1,"minecraft:wooden_pickaxe":2,"minecraft:raw_gold":1},"minecraft:custom":{"minecraft:interact_with_furnace":11,"minecraft:interact_with_crafting_table":23,"minecraft:leave_game":1,"minecraft:time_since_death":52372,"minecraft:sleep_in_bed":5,"minecraft:time_since_rest":51300,"minecraft:sprint_one_cm":196071,"minecraft:damage_taken":1295,"minecraft:walk_one_cm":170819,"minecraft:drop":26,"minecraft:damage_dealt":140,"minecraft:talked_to_villager":3,"minecraft:swim_one_cm":307,"minecraft:fly_one_cm":95420,"minecraft:open_chest":4,"minecraft:crouch_one_cm":481,"minecraft:play_time":93725,"minecraft:deaths":4,"minecraft:sneak_time":506,"minecraft:walk_under_water_one_cm":859,"minecraft:jump":810,"minecraft:walk_on_water_one_cm":2636,"minecraft:total_world_time":93725,"minecraft:fall_one_cm":17680},"minecraft:mined":{"minecraft:deepslate_redstone_ore":30,"minecraft:acacia_leaves":1,"minecraft:deepslate_diamond_ore":7,"minecraft:crafting_table":6,"minecraft:torch":7,"minecraft:short_grass":7,"minecraft:acacia_log":26,"minecraft:grass_block":5,"minecraft:melon":6,"minecraft:cobblestone":1,"minecraft:tall_grass":2,"minecraft:deepslate_gold_ore":7,"minecraft:wall_torch":8,"minecraft:spawner":2,"minecraft:hay_block":8,"minecraft:furnace":1,"minecraft:iron_ore":14,"minecraft:wheat":33,"minecraft:deepslate_lapis_ore":8,"minecraft:coal_ore":27,"minecraft:oak_log":11,"minecraft:deepslate_iron_ore":45,"minecraft:acacia_planks":1,"minecraft:stone":81,"minecraft:oak_leaves":1,"minecraft:deepslate":53},"minecraft:killed_by":{"minecraft:skeleton":1,"minecraft:creeper":1,"minecraft:zombie":1}},"DataVersion":3953}