{"stats":{"minecraft:dropped":{"minecraft:iron_ingot":32,"minecraft:golden_boots":1,"minecraft:iron_sword":1,"minecraft:wheat_seeds":167,"minecraft:glass_bottle":8,"minecraft:iron_helmet":1,"minecraft:cobblestone":22,"minecraft:honeycomb":3,"minecraft:stick":22,"minecraft:dirt":1,"minecraft:torch":3,"minecraft:wooden_axe":1,"minecraft:melon_slice":26,"minecraft:iron_leggings":1,"minecraft:iron_axe":1,"minecraft:iron_pickaxe":1,"minecraft:string":16,"minecraft:stone_axe":1,"minecraft:stone_sword":6,"minecraft:golden_chestplate":1,"minecraft:wheat":2,"minecraft:rotten_flesh":2,"minecraft:wind_charge":50,"minecraft:poppy":1,"minecraft:melon_seeds":7,"minecraft:leather_boots":1,"minecraft:acacia_sapling":1,"minecraft:spider_eye":2,"minecraft:bow":1,"minecraft:stone_pickaxe":1,"minecraft:wooden_pickaxe":2,"minecraft:raw_gold":1},"minecraft:crafted":{"minecraft:oak_planks":44,"minecraft:wind_charge":68,"minecraft:furnace":2,"minecraft:bone_meal":63,"minecraft:flint_and_steel":1,"minecraft:diamond_helmet":2,"minecraft:diamond_leggings":2,"minecraft:iron_boots":2,"minecraft:iron_axe":2,"minecraft:stone_pickaxe":1,"minecraft:chest":3,"minecraft:diamond_boots":2,"minecraft:wheat":72,"minecraft:smoker":1,"minecraft:cooked_beef":17,"minecraft:diamond_sword":2,"minecraft:cooked_porkchop":15,"minecraft:diamond_axe":2,"minecraft:crafting_table":5,"minecraft:wooden_pickaxe":2,"minecraft:iron_helmet":2,"minecraft:iron_sword":2,"minecraft:stone_axe":1,"minecraft:bread":34,"minecraft:air":0,"minecraft:iron_chestplate":2,"minecraft:diamond_pickaxe":3,"minecraft:shield":3,"minecraft:stick":134,"minecraft:iron_ingot":36,"minecraft:iron_pickaxe":2,"minecraft:wooden_axe":2,"minecraft:stone_sword":16,"minecraft:iron_leggings":2,"minecraft:acacia_planks":102,"minecraft:torch":86,"minecraft:diamond_chestplate":2},"minecraft:picked_up":{"minecraft:wooden_axe":1,"minecraft:lingering_potion":13,"minecraft:iron_chestplate":5,"minecraft:crafting_table":9,"minecraft:wheat":42,"minecraft:chicken":4,"minecraft:diamond_sword":1,"minecraft:wooden_pickaxe":3,"minecraft:enchanted_book":3,"minecraft:potion":1,"minecraft:shield":9,"minecraft:wind_charge":14,"minecraft:string":72,"minecraft:iron_axe":8,"minecraft:iron_leggings":4,"minecraft:compass":2,"minecraft:cobbled_deepslate":524,"minecraft:beef":17,"minecraft:trial_key":13,"minecraft:poppy":1,"minecraft:iron_pickaxe":6,"minecraft:enchanted_golden_apple":2,"minecraft:guster_pottery_sherd":6,"minecraft:melon_slice":87,"minecraft:egg":41,"minecraft:furnace":1,"minecraft:waxed_oxidized_copper":2,"minecraft:iron_boots":6,"minecraft:tipped_arrow":45,"minecraft:stick":210,"minecraft:raw_iron":82,"minecraft:torch":124,"minecraft:acacia_log":33,"minecraft:porkchop":11,"minecraft:waxed_copper_grate":1,"minecraft:redstone":182,"minecraft:golden_chestplate":4,"minecraft:waxed_oxidized_chiseled_copper":1,"minecraft:diamond_chestplate":1,"minecraft:honey_bottle":2,"minecraft:stone_sword":24,"minecraft:arrow":82,"minecraft:rotten_flesh":174,"minecraft:decorated_pot":5,"minecraft:diamond_boots":1,"minecraft:hay_block":8,"minecraft:gold_ingot":26,"minecraft:tuff_bricks":35,"minecraft:obsidian":4,"minecraft:snowball":70,"minecraft:cobblestone":125,"minecraft:cooked_beef":5,"minecraft:water_bucket":4,"minecraft:leather":11,"minecraft:acacia_wood":3,"minecraft:potato":1,"minecraft:flint":1,"minecraft:tuff":49,"minecraft:oak_log":17,"minecraft:waxed_copper_block":6,"minecraft:golden_boots":5,"minecraft:lapis_lazuli":67,"minecraft:dirt":28,"minecraft:leather_boots":4,"minecraft:bone":207,"minecraft:acacia_planks":84,"minecraft:bow":3,"minecraft:wheat_seeds":231,"minecraft:raw_gold":24,"minecraft:iron_ingot":104,"minecraft:stone_pickaxe":7,"minecraft:cooked_chicken":1,"minecraft:glass_bottle":13,"minecraft:acacia_sapling":4,"minecraft:iron_sword":4,"minecraft:honeycomb":18,"minecraft:oak_planks":110,"minecraft:milk_bucket":1,"minecraft:quartz":21,"minecraft:gravel":22,"minecraft:spider_eye":8,"minecraft:diamond":166,"minecraft:stone_axe":1,"minecraft:granite":1,"minecraft:iron_helmet":6,"minecraft:breeze_rod":22,"minecraft:crossbow":6,"minecraft:bone_meal":189,"minecraft:emerald":9,"minecraft:bread":66,"minecraft:baked_potato":10,"minecraft:chiseled_tuff_bricks":8,"minecraft:oak_sapling":1,"minecraft:melon_seeds":10,"minecraft:netherrack":9,"minecraft:coal":28,"minecraft:ominous_trial_key":1,"minecraft:diamond_pickaxe":1},"minecraft:used":{"minecraft:tuff_bricks":12,"minecraft:stone_sword":15,"minecraft:flint_and_steel":1,"minecraft:decorated_pot":5,"minecraft:chest":3,"minecraft:shield":34,"minecraft:iron_sword":5,"minecraft:cooked_chicken":1,"minecraft:trial_key":4,"minecraft:iron_chestplate":2,"minecraft:torch":107,"minecraft:dirt":4,"minecraft:acacia_sapling":3,"minecraft:waxed_copper_grate":1,"minecraft:tuff":3,"minecraft:milk_bucket":1,"minecraft:snowball":2,"minecraft:honey_bottle":4,"minecraft:wooden_axe":15,"minecraft:waxed_oxidized_copper":1,"minecraft:iron_axe":91,"minecraft:iron_helmet":1,"minecraft:bow":6,"minecraft:oak_sapling":1,"minecraft:furnace":1,"minecraft:acacia_wood":3,"minecraft:acacia_planks":4,"minecraft:cooked_beef":2,"minecraft:potato":1,"minecraft:cobbled_deepslate":11,"minecraft:iron_leggings":3,"minecraft:golden_boots":1,"minecraft:water_bucket":2,"minecraft:oak_planks":30,"minecraft:stone_pickaxe":114,"minecraft:baked_potato":9,"minecraft:wooden_pickaxe":54,"minecraft:diamond_axe":61,"minecraft:waxed_copper_block":2,"minecraft:crafting_table":12,"minecraft:crossbow":13,"minecraft:lingering_potion":6,"minecraft:smoker":1,"minecraft:diamond_pickaxe":576,"minecraft:ominous_trial_key":1,"minecraft:wind_charge":28,"minecraft:bread":26,"minecraft:melon_slice":13,"minecraft:iron_pickaxe":370,"minecraft:stone_axe":27,"minecraft:diamond_sword":51,"minecraft:potion":2,"minecraft:bucket":2,"minecraft:diamond_leggings":1},"minecraft:custom":{"minecraft:mob_kills":31,"minecraft:interact_with_crafting_table":35,"minecraft:open_barrel":4,"minecraft:leave_game":4,"minecraft:time_since_death":19645,"minecraft:climb_one_cm":7363,"minecraft:sprint_one_cm":579195,"minecraft:walk_one_cm":641709,"minecraft:damage_blocked_by_shield":2514,"minecraft:drop":54,"minecraft:damage_dealt_absorbed":4,"minecraft:talked_to_villager":4,"minecraft:play_time":260635,"minecraft:deaths":24,"minecraft:sneak_time":3479,"minecraft:walk_under_water_one_cm":5869,"minecraft:jump":2392,"minecraft:interact_with_blast_furnace":3,"minecraft:walk_on_water_one_cm":13541,"minecraft:total_world_time":260635,"minecraft:interact_with_furnace":11,"minecraft:sleep_in_bed":10,"minecraft:time_since_rest":19188,"minecraft:damage_taken":8914,"minecraft:damage_dealt":4567,"minecraft:swim_one_cm":3393,"minecraft:fly_one_cm":259172,"minecraft:open_chest":34,"minecraft:crouch_one_cm":4540,"minecraft:interact_with_smoker":7,"minecraft:fall_one_cm":55971,"minecraft:inspect_dispenser":9},"minecraft:killed":{"minecraft:cave_spider":1,"minecraft:skeleton":2,"minecraft:chicken":1,"minecraft:pig":7,"minecraft:zombie":9,"minecraft:cow":9},"minecraft:killed_by":{"minecraft:player":8,"minecraft:creeper":1,"minecraft:spider":1,"minecraft:skeleton":6,"minecraft:zombie":6},"minecraft:mined":{"minecraft:tuff":47,"minecraft:white_bed":1,"minecraft:deepslate_diamond_ore":115,"minecraft:waxed_oxidized_chiseled_copper":1,"minecraft:obsidian":4,"minecraft:acacia_log":33,"minecraft:grass_block":5,"minecraft:decorated_pot":9,"minecraft:chiseled_tuff_bricks":2,"minecraft:tuff_bricks":28,"minecraft:spawner":2,"minecraft:hay_block":8,"minecraft:waxed_oxidized_cut_copper":1,"minecraft:furnace":1,"minecraft:waxed_copper_grate":1,"minecraft:iron_ore":18,"minecraft:cobbled_deepslate":2,"minecraft:acacia_wood":3,"minecraft:deepslate_lapis_ore":9,"minecraft:chiseled_tuff":1,"minecraft:deepslate_iron_ore":55,"minecraft:stone":108,"minecraft:deepslate_redstone_ore":42,"minecraft:acacia_leaves":3,"minecraft:crimson_nylium":2,"minecraft:crafting_table":9,"minecraft:torch":7,"minecraft:short_grass":34,"minecraft:calcite":19,"minecraft:melon":11,"minecraft:tall_grass":11,"minecraft:nether_quartz_ore":21,"minecraft:cobblestone":1,"minecraft:deepslate_gold_ore":24,"minecraft:oak_planks":8,"minecraft:wall_torch":9,"minecraft:amethyst_block":9,"minecraft:wheat":58,"minecraft:waxed_copper_block":3,"minecraft:coal_ore":27,"minecraft:oak_log":17,"minecraft:waxed_oxidized_copper":1,"minecraft:dirt":5,"minecraft:gravel":24,"minecraft:smooth_basalt":6,"minecraft:acacia_planks":3,"minecraft:netherrack":8,"minecraft:oak_leaves":4,"minecraft:deepslate":524}},"DataVersion":3953}