{"stats":{"minecraft:dropped":{"minecraft:iron_ingot":32,"minecraft:golden_boots":1,"minecraft:iron_sword":1,"minecraft:wheat_seeds":167,"minecraft:glass_bottle":8,"minecraft:iron_helmet":1,"minecraft:cobblestone":22,"minecraft:honeycomb":3,"minecraft:stick":22,"minecraft:dirt":1,"minecraft:torch":3,"minecraft:crimson_roots":1,"minecraft:wooden_axe":1,"minecraft:melon_slice":26,"minecraft:iron_leggings":1,"minecraft:iron_axe":1,"minecraft:iron_pickaxe":1,"minecraft:string":16,"minecraft:gold_ingot":14,"minecraft:stone_axe":1,"minecraft:stone_sword":6,"minecraft:golden_chestplate":1,"minecraft:wheat":2,"minecraft:rotten_flesh":2,"minecraft:wind_charge":50,"minecraft:poppy":1,"minecraft:melon_seeds":7,"minecraft:leather_boots":1,"minecraft:acacia_sapling":1,"minecraft:spider_eye":2,"minecraft:bow":1,"minecraft:wooden_pickaxe":2,"minecraft:stone_pickaxe":1,"minecraft:raw_gold":1},"minecraft:crafted":{"minecraft:oak_planks":44,"minecraft:wind_charge":68,"minecraft:furnace":2,"minecraft:bone_meal":63,"minecraft:flint_and_steel":1,"minecraft:diamond_helmet":3,"minecraft:diamond_leggings":3,"minecraft:iron_boots":2,"minecraft:iron_axe":2,"minecraft:stone_pickaxe":1,"minecraft:chest":3,"minecraft:diamond_boots":3,"minecraft:golden_helmet":1,"minecraft:wheat":72,"minecraft:smoker":1,"minecraft:cooked_beef":17,"minecraft:crimson_planks":38,"minecraft:diamond_sword":3,"minecraft:cooked_porkchop":15,"minecraft:diamond_axe":3,"minecraft:crafting_table":6,"minecraft:wooden_pickaxe":2,"minecraft:iron_helmet":2,"minecraft:iron_sword":2,"minecraft:stone_axe":1,"minecraft:bread":34,"minecraft:air":0,"minecraft:iron_chestplate":2,"minecraft:diamond_pickaxe":4,"minecraft:shield":4,"minecraft:stick":134,"minecraft:iron_ingot":36,"minecraft:iron_pickaxe":2,"minecraft:wooden_axe":2,"minecraft:stone_sword":16,"minecraft:gold_ingot":12,"minecraft:iron_leggings":2,"minecraft:acacia_planks":102,"minecraft:torch":86,"minecraft:diamond_chestplate":3},"minecraft:killed_by":{"minecraft:player":8,"minecraft:creeper":1,"minecraft:spider":1,"minecraft:skeleton":6,"minecraft:zombie":6},"minecraft:used":{"minecraft:tuff_bricks":12,"minecraft:stone_sword":15,"minecraft:flint_and_steel":1,"minecraft:decorated_pot":5,"minecraft:chest":3,"minecraft:shield":58,"minecraft:iron_sword":5,"minecraft:cooked_chicken":1,"minecraft:trial_key":4,"minecraft:iron_chestplate":2,"minecraft:torch":107,"minecraft:soul_sand":1,"minecraft:dirt":4,"minecraft:acacia_sapling":3,"minecraft:waxed_copper_grate":1,"minecraft:tuff":3,"minecraft:milk_bucket":1,"minecraft:snowball":2,"minecraft:honey_bottle":4,"minecraft:wooden_axe":15,"minecraft:waxed_oxidized_copper":1,"minecraft:iron_axe":91,"minecraft:iron_helmet":1,"minecraft:bow":6,"minecraft:oak_sapling":1,"minecraft:furnace":1,"minecraft:acacia_wood":3,"minecraft:acacia_planks":4,"minecraft:cooked_beef":9,"minecraft:potato":1,"minecraft:cobbled_deepslate":39,"minecraft:iron_leggings":3,"minecraft:golden_boots":1,"minecraft:water_bucket":2,"minecraft:oak_planks":30,"minecraft:stone_pickaxe":114,"minecraft:baked_potato":9,"minecraft:wooden_pickaxe":54,"minecraft:diamond_axe":134,"minecraft:waxed_copper_block":2,"minecraft:crafting_table":14,"minecraft:crossbow":15,"minecraft:lingering_potion":6,"minecraft:smoker":1,"minecraft:diamond_pickaxe":761,"minecraft:ominous_trial_key":1,"minecraft:wind_charge":28,"minecraft:bread":26,"minecraft:melon_slice":13,"minecraft:iron_pickaxe":370,"minecraft:golden_helmet":1,"minecraft:stone_axe":27,"minecraft:diamond_sword":102,"minecraft:fire_charge":1,"minecraft:potion":2,"minecraft:cooked_porkchop":1,"minecraft:bucket":2,"minecraft:diamond_leggings":1},"minecraft:killed":{"minecraft:cave_spider":1,"minecraft:skeleton":4,"minecraft:chicken":1,"minecraft:piglin":10,"minecraft:pig":7,"minecraft:hoglin":3,"minecraft:zombie":11,"minecraft:cow":9},"minecraft:mined":{"minecraft:nether_gold_ore":28,"minecraft:tuff":47,"minecraft:white_bed":1,"minecraft:deepslate_diamond_ore":122,"minecraft:waxed_oxidized_chiseled_copper":1,"minecraft:obsidian":4,"minecraft:acacia_log":33,"minecraft:grass_block":5,"minecraft:decorated_pot":9,"minecraft:crimson_roots":3,"minecraft:weeping_vines":1,"minecraft:chiseled_tuff_bricks":2,"minecraft:tuff_bricks":28,"minecraft:spawner":2,"minecraft:crimson_stem":48,"minecraft:hay_block":8,"minecraft:weeping_vines_plant":1,"minecraft:magma_block":20,"minecraft:waxed_oxidized_cut_copper":1,"minecraft:furnace":1,"minecraft:waxed_copper_grate":1,"minecraft:iron_ore":18,"minecraft:cobbled_deepslate":4,"minecraft:acacia_wood":3,"minecraft:deepslate_lapis_ore":9,"minecraft:chiseled_tuff":1,"minecraft:deepslate_iron_ore":55,"minecraft:stone":108,"minecraft:bone_block":11,"minecraft:deepslate_redstone_ore":42,"minecraft:acacia_leaves":3,"minecraft:crimson_nylium":2,"minecraft:crafting_table":11,"minecraft:torch":7,"minecraft:short_grass":34,"minecraft:calcite":19,"minecraft:melon":11,"minecraft:cobblestone":1,"minecraft:nether_quartz_ore":45,"minecraft:tall_grass":11,"minecraft:deepslate_gold_ore":26,"minecraft:oak_planks":8,"minecraft:wall_torch":9,"minecraft:amethyst_block":9,"minecraft:nether_wart_block":1,"minecraft:wheat":58,"minecraft:waxed_copper_block":3,"minecraft:oak_log":17,"minecraft:coal_ore":27,"minecraft:waxed_oxidized_copper":1,"minecraft:gravel":24,"minecraft:dirt":5,"minecraft:smooth_basalt":6,"minecraft:acacia_planks":3,"minecraft:netherrack":76,"minecraft:oak_leaves":4,"minecraft:deepslate":547},"minecraft:picked_up":{"minecraft:wooden_axe":1,"minecraft:lingering_potion":13,"minecraft:crafting_table":11,"minecraft:iron_chestplate":5,"minecraft:wheat":42,"minecraft:chicken":4,"minecraft:diamond_sword":1,"minecraft:wooden_pickaxe":3,"minecraft:enchanted_book":3,"minecraft:potion":1,"minecraft:shield":9,"minecraft:wind_charge":14,"minecraft:string":72,"minecraft:iron_axe":8,"minecraft:iron_leggings":4,"minecraft:compass":2,"minecraft:blackstone":15,"minecraft:gold_nugget":116,"minecraft:cobbled_deepslate":549,"minecraft:beef":17,"minecraft:trial_key":13,"minecraft:poppy":1,"minecraft:iron_pickaxe":6,"minecraft:enchanted_golden_apple":2,"minecraft:guster_pottery_sherd":6,"minecraft:melon_slice":87,"minecraft:iron_boots":6,"minecraft:waxed_oxidized_copper":2,"minecraft:furnace":1,"minecraft:egg":41,"minecraft:tipped_arrow":45,"minecraft:stick":210,"minecraft:raw_iron":82,"minecraft:fire_charge":1,"minecraft:torch":124,"minecraft:acacia_log":33,"minecraft:porkchop":20,"minecraft:waxed_copper_grate":1,"minecraft:redstone":182,"minecraft:golden_chestplate":4,"minecraft:waxed_oxidized_chiseled_copper":1,"minecraft:rotten_flesh":175,"minecraft:arrow":84,"minecraft:stone_sword":24,"minecraft:weeping_vines":1,"minecraft:honey_bottle":2,"minecraft:diamond_chestplate":1,"minecraft:decorated_pot":5,"minecraft:diamond_boots":1,"minecraft:hay_block":8,"minecraft:gold_ingot":33,"minecraft:tuff_bricks":35,"minecraft:obsidian":4,"minecraft:snowball":70,"minecraft:bone_block":11,"minecraft:cobblestone":125,"minecraft:magma_block":20,"minecraft:cooked_beef":5,"minecraft:crimson_stem":47,"minecraft:water_bucket":4,"minecraft:leather":13,"minecraft:acacia_wood":3,"minecraft:potato":1,"minecraft:flint":1,"minecraft:tuff":49,"minecraft:oak_log":17,"minecraft:waxed_copper_block":6,"minecraft:golden_boots":5,"minecraft:nether_wart_block":1,"minecraft:lapis_lazuli":67,"minecraft:dirt":28,"minecraft:leather_boots":4,"minecraft:bone":211,"minecraft:acacia_planks":84,"minecraft:bow":3,"minecraft:wheat_seeds":231,"minecraft:raw_gold":26,"minecraft:iron_ingot":104,"minecraft:stone_pickaxe":7,"minecraft:cooked_chicken":1,"minecraft:glass_bottle":13,"minecraft:soul_sand":16,"minecraft:acacia_sapling":4,"minecraft:honeycomb":18,"minecraft:iron_sword":4,"minecraft:oak_planks":110,"minecraft:milk_bucket":1,"minecraft:quartz":48,"minecraft:gravel":52,"minecraft:spider_eye":8,"minecraft:diamond":173,"minecraft:stone_axe":1,"minecraft:iron_helmet":6,"minecraft:granite":1,"minecraft:crossbow":6,"minecraft:breeze_rod":22,"minecraft:bone_meal":189,"minecraft:bread":66,"minecraft:emerald":9,"minecraft:baked_potato":10,"minecraft:crimson_roots":2,"minecraft:oak_sapling":1,"minecraft:melon_seeds":10,"minecraft:netherrack":74,"minecraft:ominous_trial_key":1,"minecraft:coal":28,"minecraft:chiseled_tuff_bricks":8,"minecraft:diamond_pickaxe":1},"minecraft:custom":{"minecraft:mob_kills":49,"minecraft:interact_with_crafting_table":44,"minecraft:open_barrel":4,"minecraft:leave_game":5,"minecraft:time_since_death":3052,"minecraft:climb_one_cm":7543,"minecraft:sprint_one_cm":619247,"minecraft:walk_one_cm":721381,"minecraft:damage_blocked_by_shield":3589,"minecraft:drop":69,"minecraft:damage_dealt_absorbed":4,"minecraft:talked_to_villager":4,"minecraft:play_time":292698,"minecraft:deaths":26,"minecraft:sneak_time":3723,"minecraft:walk_under_water_one_cm":5869,"minecraft:jump":2742,"minecraft:interact_with_blast_furnace":3,"minecraft:walk_on_water_one_cm":13541,"minecraft:total_world_time":292698,"minecraft:interact_with_furnace":11,"minecraft:sleep_in_bed":10,"minecraft:time_since_rest":3108,"minecraft:damage_taken":9994,"minecraft:damage_dealt":8250,"minecraft:swim_one_cm":3393,"minecraft:fly_one_cm":287321,"minecraft:open_chest":37,"minecraft:crouch_one_cm":4818,"minecraft:interact_with_smoker":7,"minecraft:fall_one_cm":62986,"minecraft:inspect_dispenser":9}},"DataVersion":3953}