{"stats":{"minecraft:picked_up":{"minecraft:wooden_axe":1,"minecraft:crafting_table":7,"minecraft:wheat":32,"minecraft:wooden_pickaxe":3,"minecraft:tuff":4,"minecraft:oak_log":11,"minecraft:shield":1,"minecraft:lapis_lazuli":58,"minecraft:dirt":7,"minecraft:compass":2,"minecraft:bone":4,"minecraft:acacia_planks":76,"minecraft:bow":1,"minecraft:wheat_seeds":167,"minecraft:cobbled_deepslate":120,"minecraft:raw_gold":7,"minecraft:trial_key":2,"minecraft:stone_pickaxe":1,"minecraft:iron_ingot":41,"minecraft:poppy":1,"minecraft:melon_slice":54,"minecraft:oak_planks":15,"minecraft:acacia_sapling":4,"minecraft:furnace":1,"minecraft:stick":35,"minecraft:raw_iron":68,"minecraft:torch":106,"minecraft:acacia_log":26,"minecraft:redstone":136,"minecraft:stone_sword":17,"minecraft:arrow":1,"minecraft:rotten_flesh":2,"minecraft:diamond":31,"minecraft:decorated_pot":4,"minecraft:stone_axe":1,"minecraft:hay_block":8,"minecraft:bread":44,"minecraft:oak_sapling":1,"minecraft:melon_seeds":8,"minecraft:coal":28,"minecraft:cobblestone":96},"minecraft:used":{"minecraft:stone_sword":15,"minecraft:stone_pickaxe":114,"minecraft:oak_planks":4,"minecraft:decorated_pot":4,"minecraft:shield":18,"minecraft:chest":1,"minecraft:wooden_pickaxe":54,"minecraft:iron_sword":1,"minecraft:diamond_axe":8,"minecraft:iron_chestplate":1,"minecraft:torch":107,"minecraft:dirt":4,"minecraft:crafting_table":8,"minecraft:acacia_sapling":3,"minecraft:tuff":3,"minecraft:wooden_axe":15,"minecraft:diamond_pickaxe":59,"minecraft:bread":16,"minecraft:iron_axe":8,"minecraft:melon_slice":2,"minecraft:iron_pickaxe":146,"minecraft:stone_axe":27,"minecraft:potion":1,"minecraft:furnace":1,"minecraft:oak_sapling":1,"minecraft:cobbled_deepslate":6,"minecraft:acacia_planks":4,"minecraft:iron_leggings":1},"minecraft:killed":{"minecraft:skeleton":1,"minecraft:zombie":2},"minecraft:crafted":{"minecraft:oak_planks":44,"minecraft:diamond_axe":1,"minecraft:crafting_table":3,"minecraft:wooden_pickaxe":2,"minecraft:iron_helmet":2,"minecraft:iron_sword":2,"minecraft:furnace":1,"minecraft:stone_axe":1,"minecraft:bread":34,"minecraft:air":0,"minecraft:iron_boots":2,"minecraft:iron_chestplate":2,"minecraft:diamond_pickaxe":1,"minecraft:shield":2,"minecraft:iron_axe":2,"minecraft:stick":98,"minecraft:iron_ingot":35,"minecraft:iron_pickaxe":2,"minecraft:stone_pickaxe":1,"minecraft:wooden_axe":2,"minecraft:stone_sword":16,"minecraft:chest":1,"minecraft:diamond_boots":1,"minecraft:iron_leggings":2,"minecraft:acacia_planks":102,"minecraft:torch":86,"minecraft:diamond_chestplate":1,"minecraft:wheat":72},"minecraft:dropped":{"minecraft:stone_axe":1,"minecraft:wheat_seeds":167,"minecraft:stone_sword":2,"minecraft:wheat":2,"minecraft:rotten_flesh":1,"minecraft:cobblestone":22,"minecraft:stick":22,"minecraft:poppy":1,"minecraft:dirt":1,"minecraft:wooden_axe":1,"minecraft:melon_seeds":6,"minecraft:melon_slice":26,"minecraft:acacia_sapling":1,"minecraft:stone_pickaxe":1,"minecraft:wooden_pickaxe":2,"minecraft:raw_gold":1},"minecraft:custom":{"minecraft:interact_with_furnace":11,"minecraft:mob_kills":4,"minecraft:interact_with_crafting_table":26,"minecraft:open_barrel":2,"minecraft:leave_game":2,"minecraft:time_since_death":807,"minecraft:sleep_in_bed":5,"minecraft:climb_one_cm":1932,"minecraft:time_since_rest":1066,"minecraft:sprint_one_cm":270309,"minecraft:damage_taken":2629,"minecraft:walk_one_cm":259084,"minecraft:damage_blocked_by_shield":1065,"minecraft:drop":26,"minecraft:damage_dealt":1016,"minecraft:talked_to_villager":3,"minecraft:swim_one_cm":307,"minecraft:fly_one_cm":116129,"minecraft:open_chest":10,"minecraft:crouch_one_cm":554,"minecraft:play_time":125607,"minecraft:deaths":7,"minecraft:sneak_time":545,"minecraft:walk_under_water_one_cm":1115,"minecraft:jump":1106,"minecraft:walk_on_water_one_cm":5762,"minecraft:total_world_time":125607,"minecraft:fall_one_cm":21390},"minecraft:mined":{"minecraft:deepslate_redstone_ore":30,"minecraft:tuff":4,"minecraft:acacia_leaves":1,"minecraft:deepslate_diamond_ore":31,"minecraft:crafting_table":7,"minecraft:torch":7,"minecraft:short_grass":10,"minecraft:acacia_log":26,"minecraft:decorated_pot":4,"minecraft:grass_block":5,"minecraft:melon":6,"minecraft:tall_grass":2,"minecraft:cobblestone":1,"minecraft:deepslate_gold_ore":7,"minecraft:oak_planks":1,"minecraft:wall_torch":9,"minecraft:spawner":2,"minecraft:hay_block":8,"minecraft:furnace":1,"minecraft:iron_ore":14,"minecraft:wheat":33,"minecraft:cobbled_deepslate":1,"minecraft:deepslate_lapis_ore":8,"minecraft:coal_ore":27,"minecraft:oak_log":11,"minecraft:deepslate_iron_ore":45,"minecraft:acacia_planks":1,"minecraft:stone":81,"minecraft:oak_leaves":1,"minecraft:deepslate":119},"minecraft:killed_by":{"minecraft:skeleton":2,"minecraft:creeper":1,"minecraft:zombie":3}},"DataVersion":3953}